Date,AAPL,SPY,TSLA,XLB,XLC,XLE,XLF,XLI,XLK,XLP,XLRE,XLU,XLV,XLY
2020-01-02,72.27155303955078,295.3918151855469,28.68400001525879,26.54339599609375,50.75238037109375,23.051830291748047,27.449331283569336,74.76517486572266,44.189849853515625,52.28095245361328,30.48859214782715,25.90777015686035,91.55039978027344,59.903621673583984
2020-01-03,71.56893157958984,293.15496826171875,29.534000396728516,26.11484718322754,50.425010681152344,22.98333740234375,27.15788459777832,74.62104797363281,43.69302749633789,52.1972770690918,30.711942672729492,25.960554122924805,90.75261688232422,59.39384841918945
2020-01-06,72.13919067382812,294.2734069824219,30.1026668548584,26.001157760620117,51.098453521728516,23.16218376159668,27.140213012695312,74.64806365966797,43.7971305847168,52.30606460571289,30.719924926757812,25.984912872314453,91.31735229492188,59.55905532836914
2020-01-07,71.7999267578125,293.44598388671875,31.270666122436523,25.970548629760742,51.1639289855957,23.10129737854004,26.96358299255371,74.49496459960938,43.7781867980957,51.90440368652344,30.384885787963867,25.948375701904297,91.13806915283203,59.46464157104492
2020-01-08,72.95491027832031,295.0099182128906,32.80933380126953,26.062374114990234,51.528724670410156,22.720779418945312,27.140213012695312,74.74713897705078,44.24664306640625,52.09686279296875,30.536462783813477,25.936189651489258,91.72968292236328,59.64399719238281
2020-01-09,74.50452423095703,297.0102233886719,32.089332580566406,26.158580780029297,51.79996871948242,22.888208389282227,27.308021545410156,75.06237030029297,44.748207092285156,52.46503829956055,30.528484344482422,26.07830047607422,92.1241226196289,59.960262298583984
2020-01-10,74.67296600341797,296.1554870605469,31.876667022705078,26.053630828857422,51.59419250488281,22.758831024169922,27.104887008666992,74.53096771240234,44.64410400390625,52.43157196044922,30.823625564575195,26.147321701049805,92.1510009765625,59.634559631347656
2020-01-13,76.268310546875,298.19232177734375,34.990665435791016,26.39034080505371,52.08057403564453,22.76644515991211,27.29035758972168,75.14344787597656,45.202457427978516,52.77464294433594,31.19856071472168,26.305667877197266,91.82831573486328,59.82338333129883
2020-01-14,75.23844909667969,297.73773193359375,35.861331939697266,26.281023025512695,51.949642181396484,22.77025032043457,27.23736572265625,75.1524429321289,44.98953628540039,52.7913703918457,31.046985626220703,26.382810592651367,92.38408660888672,59.80449676513672
2020-01-15,74.91600036621094,298.4105224609375,34.56666564941406,26.46030616760254,52.20217514038086,22.60281753540039,27.08722686767578,75.26953887939453,45.04158020019531,53.16791534423828,31.262372970581055,26.752277374267578,93.18186950683594,59.6676139831543
2020-01-16,75.85443115234375,300.89288330078125,34.232666015625,26.617738723754883,52.6043815612793,22.640872955322266,27.325685501098633,76.01710510253906,45.64724349975586,53.31016159057617,31.54156494140625,26.91874885559082,93.66593933105469,60.20098876953125
2020-01-17,76.69420623779297,301.82928466796875,34.03333282470703,26.735803604125977,53.015933990478516,22.496274948120117,27.405170440673828,76.0261001586914,45.954811096191406,53.40220642089844,31.581449508666992,27.10550880432129,93.66593933105469,60.41339111328125
2020-01-21,76.17445373535156,301.23834228515625,36.47999954223633,26.447185516357422,52.96915817260742,22.092924118041992,27.1755428314209,75.18846893310547,45.93587112426758,53.586299896240234,31.900545120239258,27.353181838989258,93.76453399658203,60.229312896728516
2020-01-22,76.44638061523438,301.2746887207031,37.97066879272461,26.342243194580078,52.94110107421875,21.87983512878418,27.25503158569336,74.79218292236328,46.10149002075195,53.62814712524414,31.645273208618164,27.438446044921875,93.88109588623047,60.20098876953125
2020-01-23,76.81452941894531,301.6202392578125,38.14666748046875,26.311634063720703,52.72596740722656,21.796119689941406,27.184371948242188,75.60279846191406,46.31914520263672,53.57793045043945,31.948406219482422,27.68205451965332,93.40599822998047,60.290679931640625
2020-01-24,76.59314727783203,298.93792724609375,37.654666900634766,26.12360191345215,52.089935302734375,21.544979095458984,26.83992576599121,75.25154113769531,46.10149002075195,53.20975112915039,31.900545120239258,27.755136489868164,91.84624481201172,59.45048522949219
2020-01-27,74.34090423583984,294.1460876464844,37.201332092285156,25.559499740600586,51.27616882324219,20.94756317138672,26.424835205078125,73.82846069335938,45.003719329833984,53.042396545410156,31.764934539794922,27.686115264892578,91.14701843261719,58.563087463378906
2020-01-28,76.4439697265625,297.2284851074219,37.793331146240234,25.848114013671875,51.865447998046875,21.042694091796875,26.733949661254883,74.30581665039062,45.86491012573242,53.10934829711914,31.844697952270508,27.79979705810547,91.5952377319336,59.13423156738281
2020-01-29,78.04412078857422,296.98297119140625,38.732666015625,25.931188583374023,51.7812614440918,20.821996688842773,26.689794540405273,74.70211791992188,45.98320007324219,52.841583251953125,31.67717170715332,27.872879028320312,91.34423828125,59.1011962890625
2020-01-30,77.93102264404297,297.94677734375,42.72066879272461,25.769393920898438,51.257450103759766,20.98941993713379,27.025400161743164,74.78316497802734,46.38066101074219,53.46916580200195,31.748973846435547,28.132722854614258,90.68090057373047,59.0020637512207
2020-01-31,74.47566223144531,292.5367126464844,43.371334075927734,25.20092010498047,50.425010681152344,20.334924697875977,26.460166931152344,73.05387115478516,45.107826232910156,52.8666877746582,31.29428482055664,28.006872177124023,88.8701400756836,59.15312194824219
2020-02-03,74.27113342285156,294.7098693847656,52.0,25.73004150390625,51.02362060546875,20.068561553955078,26.645633697509766,73.02687072753906,45.704017639160156,52.8666877746582,31.326183319091797,28.09618377685547,89.67692565917969,59.57320022583008
2020-02-04,76.72309112548828,299.20159912109375,59.137332916259766,26.18482208251953,51.5567741394043,20.140867233276367,26.901756286621094,74.40489959716797,46.90115737915039,53.184661865234375,31.733020782470703,27.816041946411133,91.25460052490234,60.65883255004883
2020-02-05,77.3487319946289,302.6568298339844,48.97999954223633,26.670209884643555,51.640960693359375,20.898096084594727,27.440500259399414,75.64783477783203,47.175594329833984,53.61140441894531,31.70908546447754,27.929725646972656,93.01156616210938,60.96564483642578
2020-02-06,78.25346374511719,303.6752014160156,49.930667877197266,26.657093048095703,52.28636169433594,20.684999465942383,27.405170440673828,75.8910140991211,47.6061897277832,53.70344161987305,31.844697952270508,27.937843322753906,93.09222412109375,60.82876968383789
2020-02-07,77.1897964477539,302.05670166015625,49.871334075927734,26.27665138244629,52.24893569946289,20.54041290283203,27.308021545410156,75.34159088134766,47.17087173461914,53.770389556884766,31.86066246032715,27.84851837158203,92.36614990234375,60.5644416809082
2020-02-10,77.55640411376953,304.3116760253906,51.41866683959961,26.263526916503906,52.55760192871094,20.43766975402832,27.38750648498535,75.76490020751953,47.80964660644531,53.99631881713867,32.22760772705078,27.954082489013672,92.85918426513672,61.248878479003906
2020-02-11,77.08849334716797,304.8389892578125,51.62533187866211,26.407835006713867,52.50148010253906,20.66598129272461,27.484655380249023,76.05311584472656,47.64876174926758,53.79549026489258,32.61847686767578,28.055587768554688,93.41496276855469,61.73031997680664
2020-02-12,78.91918182373047,306.8030700683594,51.15266799926758,26.55213737487793,53.184295654296875,20.943761825561523,27.502323150634766,76.76467895507812,48.16454315185547,53.770389556884766,32.825889587402344,28.075885772705078,93.531494140625,62.36281967163086
2020-02-13,78.35716247558594,306.4756164550781,53.599998474121094,26.455936431884766,53.19365310668945,20.879070281982422,27.49348258972168,76.33235931396484,48.03677749633789,54.08835983276367,33.02532958984375,28.388517379760742,93.09222412109375,62.254268646240234
2020-02-14,78.3764877319336,306.96673583984375,53.33533477783203,26.46030616760254,53.25912857055664,20.76871681213379,27.5288143157959,76.2332534790039,48.244972229003906,54.2138671875,33.408226013183594,28.579347610473633,93.1639633178711,62.159873962402344
2020-02-18,76.94137573242188,306.1756591796875,57.22666549682617,26.39471435546875,53.61456298828125,20.59748649597168,27.29035758972168,75.80094146728516,48.06517028808594,54.02141571044922,33.376312255859375,28.81890106201172,92.832275390625,62.1551399230957
2020-02-19,78.05567932128906,307.63958740234375,61.16133117675781,26.46468162536621,53.85775375366211,20.8714599609375,27.49348258972168,75.77391815185547,48.6377067565918,53.96284866333008,32.90566635131836,28.506263732910156,93.26255798339844,62.433631896972656
2020-02-20,77.25489807128906,306.3757019042969,59.96066665649414,26.50840950012207,53.30590057373047,20.8486270904541,27.440500259399414,75.66583251953125,48.13142013549805,54.004676818847656,33.27259826660156,28.607769012451172,92.6619644165039,62.457244873046875
2020-02-21,75.5062484741211,303.2204895019531,60.06666564941406,26.385971069335938,52.49212646484375,20.60129165649414,27.1755428314209,75.28754425048828,47.05256271362305,54.09673309326172,33.44810104370117,28.554988861083984,92.71575927734375,61.50377655029297
2020-02-24,71.91969299316406,293.16412353515625,55.58599853515625,25.6425838470459,50.73366928100586,19.649995803833008,26.2923583984375,73.14395904541016,45.107826232910156,52.84994888305664,33.00139617919922,28.222057342529297,89.79345703125,59.389122009277344
2020-02-25,69.48358917236328,284.2806701660156,53.32733154296875,24.53624153137207,49.377403259277344,18.782407760620117,25.40034294128418,70.16270446777344,43.66463851928711,51.89604187011719,32.17177200317383,27.629268646240234,87.0683364868164,57.80315017700195
2020-02-26,70.58585357666016,283.23492431640625,51.91999816894531,24.453157424926758,49.28386306762695,18.215435028076172,25.214876174926758,69.63129425048828,43.863365173339844,51.60316848754883,31.89257049560547,27.349124908447266,87.05938720703125,57.345298767089844
2020-02-27,65.97178649902344,270.514404296875,45.266666412353516,23.30745506286621,47.33832550048828,17.24131202697754,24.13739585876465,67.0463638305664,41.49748992919922,49.50289535522461,30.089736938476562,26.118900299072266,84.10125732421875,55.02769088745117
2020-02-28,65.93319702148438,269.3777770996094,44.53266525268555,23.053836822509766,47.47862243652344,17.226085662841797,23.483837127685547,65.8214340209961,41.814517974853516,48.523887634277344,29.347856521606445,25.2459716796875,83.01659393310547,54.67367935180664
2020-03-02,72.07162475585938,281.0436706542969,49.574668884277344,24.042104721069336,49.12485885620117,17.92243766784668,24.68496322631836,68.13617706298828,44.23244857788086,51.117855072021484,30.807676315307617,26.731975555419922,86.9070053100586,56.55229949951172
2020-03-03,69.78268432617188,272.99664306640625,49.70066833496094,23.83220672607422,47.50669479370117,17.374492645263672,23.75762176513672,66.46993255615234,42.552669525146484,50.42333221435547,30.783750534057617,26.403114318847656,84.74667358398438,55.1834602355957
2020-03-04,73.01952362060547,284.4715576171875,49.96666717529297,24.820478439331055,49.2183837890625,17.785451889038086,24.543655395507812,69.21699523925781,44.379127502441406,52.90016174316406,31.980318069458008,27.901302337646484,89.6321029663086,57.09040451049805
2020-03-05,70.65098571777344,275.0152282714844,48.30266571044922,24.03335952758789,47.422508239746094,17.134761810302734,23.36019515991211,65.8304443359375,42.97853469848633,51.90440368652344,31.246417999267578,27.470922470092773,87.55242919921875,54.961605072021484
2020-03-06,69.71273803710938,270.46893310546875,46.89866638183594,23.408037185668945,46.59938049316406,16.17205238342285,22.56532859802246,65.25401306152344,42.070037841796875,51.49440002441406,30.711942672729492,27.247610092163086,87.0862808227539,54.116703033447266
2020-03-09,64.19901275634766,249.34678649902344,40.53333282470703,21.21722412109375,43.494022369384766,12.914810180664062,20.145401000976562,59.23748779296875,38.87610626220703,49.25187301635742,28.54216957092285,25.765668869018555,82.55941772460938,50.708740234375
2020-03-10,68.82269287109375,262.24920654296875,43.02199935913086,22.078683853149414,45.7108039855957,13.527444839477539,21.328868865966797,62.308807373046875,41.46910095214844,50.66599655151367,29.930192947387695,26.005216598510742,85.3920669555664,53.51252746582031
2020-03-11,66.4324722290039,249.4649658203125,42.28200149536133,21.029190063476562,43.746559143066406,12.812068939208984,20.171903610229492,58.65206527709961,39.51014709472656,48.180809020996094,28.3267879486084,24.69784927368164,82.12914276123047,50.586021423339844
2020-03-12,59.8719596862793,225.5968780517578,37.369998931884766,19.004545211791992,39.64036178588867,11.213890075683594,17.99043846130371,52.581504821777344,35.65377426147461,43.653926849365234,25.89376449584961,22.204919815063477,75.9977035522461,45.47407150268555
2020-03-13,67.04510498046875,244.88223266601562,36.44133377075195,20.338275909423828,43.20405578613281,12.2489013671875,20.35736656188965,56.688594818115234,39.83665084838867,47.36915588378906,28.167245864868164,23.414844512939453,81.2685775756836,48.28728485107422
2020-03-16,58.41996383666992,218.0863800048828,29.67133331298828,18.099353790283203,38.33086395263672,10.582229614257812,17.566509246826172,50.257747650146484,34.333621978759766,44.15597915649414,23.66016387939453,20.755449295043945,73.25468444824219,42.16994094848633
2020-03-17,60.98869323730469,229.861328125,28.68000030517578,19.21881675720215,39.99578094482422,10.65452766418457,18.520349502563477,52.57249450683594,36.67110824584961,47.87957763671875,25.09604835510254,23.41077995300293,77.85325622558594,43.793697357177734
2020-03-18,59.495689392089844,218.2227325439453,24.08133316040039,17.990036010742188,38.66757583618164,9.124841690063477,16.948284149169922,48.699588775634766,35.28943634033203,46.6495361328125,23.33310890197754,22.391687393188477,75.27159118652344,41.27785110473633
2020-03-19,59.03982925415039,218.68646240234375,28.50933265686035,18.449188232421875,39.3597412109375,9.745084762573242,17.31922149658203,48.73561477661133,35.41718673706055,45.0931396484375,22.966161727905273,21.08837890625,73.72976684570312,42.71748733520508
2020-03-20,55.29166030883789,209.26235961914062,28.50200080871582,17.78888511657715,37.61998748779297,9.840217590332031,16.70099449157715,46.294776916503906,33.794193267822266,42.172855377197266,21.665882110595703,19.41560173034668,70.89710998535156,41.447776794433594
2020-03-23,54.11703109741211,203.9119110107422,28.952667236328125,16.882049560546875,37.819766998291016,9.169523239135742,15.729269027709961,44.26704025268555,33.485504150390625,40.924827575683594,20.461956024169922,18.424856185913086,67.21481323242188,41.51606750488281
2020-03-24,59.54633712768555,222.38697814941406,33.66666793823242,18.867399215698242,40.145992279052734,10.640070915222168,17.679838180541992,49.86735534667969,36.91490173339844,43.01188278198242,22.24614906311035,20.405536651611328,72.39418029785156,45.410125732421875
2020-03-25,59.218318939208984,225.71612548828125,35.95000076293945,19.307605743408203,39.52692413330078,11.141925811767578,18.16080665588379,52.49052429199219,36.86734390258789,42.89406204223633,23.23468780517578,20.926332473754883,73.3580093383789,46.206966400146484
2020-03-26,62.33456039428711,238.89569091796875,35.21066665649414,20.214439392089844,41.778099060058594,11.822734832763672,19.300859451293945,55.803524017333984,39.15045166015625,45.242000579833984,25.018882751464844,22.71017837524414,78.23110961914062,48.11841583251953
2020-03-27,59.75376892089844,231.77999877929688,34.29066848754883,19.483686447143555,40.10847473144531,11.021324157714844,18.713016510009766,53.4526481628418,37.38105010986328,45.031620025634766,25.08317756652832,22.833206176757812,76.55569458007812,46.50579071044922
2020-03-30,61.45902633666992,239.30723571777344,33.47533416748047,20.104387283325195,41.57173156738281,11.13414192199707,19.069286346435547,54.233245849609375,38.9554328918457,46.79045867919922,25.734163284301758,23.67796516418457,80.1407470703125,47.47810363769531
2020-03-31,61.33360290527344,235.740234375,34.93333435058594,19.82705307006836,41.49669647216797,11.305317878723145,18.543790817260742,53.561580657958984,38.227691650390625,45.83951187133789,24.91440200805664,22.72248077392578,79.78945922851562,46.52001953125
2020-04-01,58.10640335083008,225.1307830810547,32.104000091552734,18.933425903320312,39.845829010009766,10.745109558105469,17.412635803222656,51.14717483520508,36.405967712402344,45.06528091430664,23.403465270996094,21.356922149658203,76.75384521484375,44.442543029785156
2020-04-02,59.076011657714844,230.32577514648438,30.29800033569336,19.219566345214844,40.352352142333984,11.729364395141602,17.84906768798828,51.82792282104492,37.25737762451172,46.218204498291016,23.749052047729492,22.025346755981445,78.87966918945312,44.608551025390625
2020-04-03,58.22700881958008,226.99664306640625,32.000667572021484,18.757349014282227,39.53630828857422,11.604874610900879,17.4927978515625,51.13810348510742,36.68185043334961,46.580074310302734,23.548128128051758,21.237998962402344,78.16806030273438,43.830692291259766
2020-04-06,63.30656433105469,242.2431182861328,34.41600036621094,20.15281105041504,42.14391326904297,12.219545364379883,18.748647689819336,54.67801284790039,39.811588287353516,48.313682556152344,25.251951217651367,22.878307342529297,82.26651763916016,47.47810363769531
2020-04-07,62.57334899902344,242.49005126953125,36.36333465576172,20.68986701965332,42.453453063964844,12.480201721191406,18.93568992614746,54.550926208496094,39.45486068725586,47.75826644897461,25.259984970092773,22.59125328063965,81.59095764160156,48.18482971191406
2020-04-08,64.17487335205078,250.63006591796875,36.589332580566406,21.702350616455078,43.36330795288086,13.312731742858887,19.764015197753906,56.52964782714844,40.51555252075195,48.46515655517578,27.156702041625977,23.82149314880371,84.95079040527344,49.702606201171875
2020-04-09,64.63798522949219,254.4440460205078,38.20000076293945,22.635591506958008,43.68221664428711,13.192132949829102,20.823915481567383,57.382869720458984,40.525054931640625,48.91960525512695,28.555110931396484,24.945114135742188,85.419189453125,50.599056243896484
2020-04-13,65.90666961669922,252.1209259033203,43.39666748046875,22.138160705566406,43.74788284301758,13.14933967590332,20.06683921813965,55.703678131103516,40.61543655395508,48.557735443115234,27.245105743408203,24.15365982055664,84.67155456542969,50.58482360839844
2020-04-14,69.23515319824219,259.5566711425781,47.32600021362305,22.42429542541504,45.04230499267578,13.087088584899902,20.155906677246094,56.765647888183594,42.31825256347656,50.61954879760742,28.15327262878418,24.863096237182617,87.48193359375,52.56267166137695
2020-04-15,68.60322570800781,254.04153442382812,48.65533447265625,21.39420509338379,44.62021255493164,12.472419738769531,19.283050537109375,55.19538497924805,41.3954963684082,49.82007598876953,27.06829071044922,24.042936325073242,87.03152465820312,51.41011047363281
2020-04-16,69.14833068847656,255.2671356201172,49.680667877197266,21.27094268798828,44.798423767089844,11.93944263458252,18.944595336914062,54.70522689819336,41.899681091308594,50.14826965332031,26.8914794921875,24.04703712463379,88.9321517944336,52.02671432495117
2020-04-17,68.21007537841797,262.1632995605469,50.259334564208984,22.124948501586914,45.408119201660156,13.207693099975586,19.942142486572266,57.27394485473633,42.45619201660156,50.91409683227539,27.75947380065918,24.822084426879883,90.77872467041016,53.563472747802734
2020-04-20,66.79426574707031,257.5444641113281,49.75733184814453,21.57909393310547,44.995391845703125,12.795315742492676,19.594785690307617,55.749053955078125,41.77602005004883,49.912635803222656,26.730741500854492,23.88300895690918,90.05809783935547,52.62908935546875
2020-04-21,64.7296371459961,249.7246551513672,45.781333923339844,21.04644012451172,43.579036712646484,12.56967544555664,18.9624080657959,54.43293380737305,40.025630950927734,48.852291107177734,26.33693504333496,23.489334106445312,87.3198013305664,51.263084411621094
2020-04-22,66.59405517578125,255.2671356201172,48.807334899902344,21.460235595703125,44.75152587890625,13.017065048217773,19.167261123657227,55.0047721862793,41.566734313964844,49.32355499267578,26.79503631591797,24.174165725708008,88.65291595458984,52.368221282958984
2020-04-23,66.33599090576172,255.24884033203125,47.04199981689453,21.609907150268555,45.0704460144043,13.437220573425293,19.087100982666016,55.44045639038086,41.281333923339844,48.88593292236328,26.489639282226562,23.768184661865234,89.13933563232422,52.353981018066406
2020-04-24,68.25108337402344,258.80670166015625,48.34333419799805,21.94886589050293,45.64261245727539,13.46834659576416,19.36321258544922,55.88521194458008,42.15654373168945,49.4077033996582,26.58608055114746,23.91581153869629,90.33734130859375,53.240943908691406
2020-04-27,68.2993392944336,262.538330078125,53.25,22.534347534179688,46.017818450927734,13.760119438171387,20.022308349609375,57.27394485473633,42.51801681518555,49.55076599121094,27.357624053955078,24.165958404541016,91.49931335449219,54.23698043823242
2020-04-28,67.19223022460938,261.33099365234375,51.27466583251953,22.952545166015625,45.18299865722656,14.075236320495605,20.236068725585938,58.34499740600586,41.952003479003906,49.828487396240234,27.38173484802246,24.256179809570312,89.65277099609375,54.45042419433594
2020-04-29,69.39918518066406,268.1722717285156,53.367332458496094,23.538028717041016,47.36852264404297,15.117846488952637,20.823915481567383,59.46143341064453,43.67384338378906,49.61809158325195,27.45406150817871,24.034738540649414,90.24727630615234,55.65041732788086
2020-04-30,70.86322784423828,265.6754150390625,52.12533187866211,22.838090896606445,47.16215896606445,14.783283233642578,20.29841423034668,58.28144454956055,43.47883224487305,49.02900695800781,27.261180877685547,23.48112678527832,89.8329086303711,55.304168701171875
2020-05-01,69.72235870361328,258.64208984375,46.75466537475586,22.358264923095703,46.50557327270508,13.946854591369629,19.648229598999023,56.52058029174805,42.28495788574219,48.490413665771484,26.42534065246582,22.915218353271484,88.1214599609375,53.2361946105957
2020-05-04,70.70886993408203,259.3554382324219,50.74599838256836,22.4375057220459,46.777587890625,14.429261207580566,19.470090866088867,55.803524017333984,42.846214294433594,48.46515655517578,26.40926742553711,23.08745002746582,88.07642364501953,53.5255241394043
2020-05-05,71.7701187133789,261.7517395019531,51.2140007019043,22.494726181030273,47.02146530151367,14.440930366516113,19.40774154663086,56.0213508605957,43.43601989746094,48.507232666015625,26.578041076660156,23.276086807250977,89.98605346679688,53.71998977661133
2020-05-06,72.51058959960938,259.9774475097656,52.172000885009766,22.107343673706055,46.89015579223633,14.063566207885742,18.989124298095703,55.24983596801758,43.77373504638672,47.9770622253418,26.08778953552246,22.48464012145996,89.09429168701172,53.71050262451172
2020-05-07,73.26071166992188,263.1144714355469,52.00266647338867,22.560760498046875,47.77185821533203,14.429261207580566,19.434467315673828,55.894290924072266,44.430118560791016,47.8424072265625,26.320859909057617,22.574857711791992,89.08528900146484,54.55476760864258
2020-05-08,75.00443267822266,267.4679870605469,54.62799835205078,23.102218627929688,48.64418411254883,15.086726188659668,19.853084564208984,57.28302001953125,45.08175277709961,48.91118240356445,26.803071975708008,23.030040740966797,89.54466247558594,55.61721420288086
2020-05-11,76.18468475341797,267.52288818359375,54.08599853515625,22.750049591064453,48.67233657836914,14.82218074798584,19.470090866088867,56.56596374511719,45.381412506103516,48.84387969970703,26.481597900390625,22.93161964416504,91.08499145507812,55.493896484375
2020-05-12,75.31401062011719,262.1907653808594,53.96066665649414,22.402284622192383,47.7249641418457,14.561531066894531,18.9624080657959,54.9775390625,44.44439697265625,48.43149185180664,25.35643196105957,22.730680465698242,89.69781494140625,54.27968215942383
2020-05-13,74.40467071533203,257.55364990234375,52.73066711425781,21.931264877319336,46.90890121459961,13.900174140930176,18.401281356811523,53.597877502441406,43.67860794067383,47.993900299072266,24.95458984375,22.537944793701172,88.72498321533203,53.34529113769531
2020-05-14,74.86175537109375,260.6358947753906,53.55533218383789,22.199787139892578,47.41542053222656,14.0557861328125,18.87333869934082,54.16063690185547,44.235111236572266,47.87607192993164,24.98672866821289,22.77989387512207,89.69781494140625,54.142120361328125
2020-05-15,74.4191665649414,261.83404541015625,53.27799987792969,22.393476486206055,48.07201385498047,14.001321792602539,18.748647689819336,53.970027923583984,44.45866775512695,48.296844482421875,24.89832878112793,22.476436614990234,90.45441436767578,54.77296447753906
2020-05-18,76.17257690429688,269.8093566894531,54.242000579833984,23.41476821899414,49.085044860839844,15.14508056640625,19.710573196411133,57.52809143066406,45.54789733886719,49.06267547607422,26.111907958984375,23.39911460876465,91.20208740234375,56.845664978027344
2020-05-19,75.73239135742188,267.0381164550781,53.867332458496094,23.19025993347168,49.075660705566406,14.721031188964844,19.229610443115234,56.792884826660156,45.381412506103516,48.162193298339844,25.605571746826172,23.013639450073242,90.10314178466797,56.6417236328125
2020-05-20,77.20527648925781,271.5746154785156,54.37066650390625,23.56003761291504,50.435752868652344,15.308473587036133,19.657133102416992,57.854862213134766,46.375511169433594,48.73446273803711,25.8466796875,23.140762329101562,90.21125030517578,57.38164138793945
2020-05-21,76.62966918945312,269.6996765136719,55.17333221435547,23.33553123474121,50.079315185546875,15.063385009765625,19.594785690307617,57.99100875854492,45.728633880615234,48.195858001708984,25.718088150024414,22.907018661499023,89.54466247558594,57.58559036254883
2020-05-22,77.123046875,270.2118225097656,54.45866775512695,23.300317764282227,50.37946701049805,14.970016479492188,19.523534774780273,57.94561767578125,45.895103454589844,48.364166259765625,26.28067970275879,23.161258697509766,89.73384857177734,57.50020980834961
2020-05-26,76.60064697265625,273.5409851074219,54.591331481933594,23.938617706298828,50.520172119140625,15.386283874511719,20.538894653320312,60.378173828125,45.8475456237793,48.625064849853516,27.116518020629883,23.3129940032959,89.57169342041016,58.41088104248047
2020-05-27,76.93438720703125,277.61102294921875,54.68199920654297,24.18073272705078,50.876609802246094,15.584686279296875,21.429567337036133,62.393211364746094,46.109153747558594,49.35721969604492,27.695165634155273,23.59185028076172,90.4994888305664,59.41167068481445
2020-05-28,76.96825408935547,277.098876953125,53.72066879272461,24.40523910522461,50.39824295043945,15.148968696594238,21.091114044189453,61.803199768066406,46.018768310546875,49.7948112487793,28.00860595703125,24.288984298706055,91.67948150634766,58.69072341918945
2020-05-29,76.89328002929688,278.3335876464844,55.66666793823242,24.409639358520508,50.67024230957031,15.07894515991211,20.850631713867188,61.4219970703125,46.59907150268555,49.845314025878906,27.84787368774414,24.477619171142578,92.78740692138672,58.904144287109375
2020-06-01,77.83892059326172,279.45855712890625,59.87333297729492,24.57692527770996,51.25179672241211,15.343484878540039,21.091114044189453,61.558135986328125,46.58481216430664,50.19035339355469,28.402414321899414,24.768775939941406,91.8686294555664,59.46385192871094
2020-06-02,78.19924926757812,281.7725524902344,58.770668029785156,25.021535873413086,51.45815658569336,15.77142333984375,21.260339736938477,62.356903076171875,47.02239990234375,50.32499694824219,28.587263107299805,24.9287109375,92.40007781982422,59.971351623535156
2020-06-03,78.62975311279297,285.5223693847656,58.86399841308594,25.58940315246582,51.61761474609375,16.234376907348633,22.053043365478516,64.78943634033203,47.388648986816406,50.3923225402832,29.270410537719727,25.228065490722656,92.21994018554688,61.10493469238281
2020-06-04,77.95258331298828,284.7724609375,57.62533187866211,25.681848526000977,51.23303985595703,16.23826789855957,22.53400230407715,65.47925567626953,46.99861145019531,50.14826965332031,28.72389793395996,24.7769775390625,91.49031066894531,60.796634674072266
2020-06-05,80.17274475097656,292.0710144042969,59.04399871826172,26.3377628326416,52.06785583496094,17.44426727294922,23.371240615844727,67.8846206665039,48.235286712646484,50.84676742553711,29.77672576904297,25.092737197875977,92.96758270263672,62.25278091430664
2020-06-08,80.6467514038086,295.6014099121094,63.327999114990234,26.37298011779785,53.043357849121094,18.230113983154297,23.816574096679688,69.24610900878906,48.477874755859375,51.39377212524414,30.427722930908203,25.765270233154297,93.60710144042969,63.20137023925781
2020-06-09,83.19341278076172,293.3971862792969,62.711334228515625,26.0516300201416,52.91204071044922,17.545421600341797,23.308883666992188,67.52151489257812,48.70618438720703,50.97298812866211,30.0741024017334,25.248571395874023,92.63426971435547,62.7081184387207
2020-06-10,85.33377838134766,291.75994873046875,68.336669921875,25.75668716430664,52.75259017944336,16.6817626953125,22.436033248901367,65.9058837890625,49.51953125,50.82993698120117,29.511518478393555,25.100942611694336,92.49015045166016,62.11998748779297
2020-06-11,81.23688507080078,274.9403991699219,64.85600280761719,23.76693344116211,50.32319641113281,15.110071182250977,20.601242065429688,61.276771545410156,46.6799201965332,48.902774810791016,27.6871337890625,24.120853424072266,87.34681701660156,58.8662109375
2020-06-12,81.93824005126953,278.23291015625,62.35200119018555,24.229156494140625,50.7640495300293,15.491312980651855,21.224716186523438,62.4658088684082,47.28399658203125,48.91118240356445,28.563161849975586,24.059335708618164,87.91429138183594,59.44961166381836
2020-06-15,82.95159149169922,280.83038330078125,66.05999755859375,24.48447608947754,51.58010482788086,15.538006782531738,21.51863670349121,63.08303451538086,47.740623474121094,49.47502517700195,28.924819946289062,24.223373413085938,88.1124496459961,60.0140266418457
2020-06-16,85.14999389648438,286.2357482910156,65.47533416748047,24.9951229095459,52.0021858215332,15.985393524169922,21.85708999633789,64.31745147705078,48.75850296020508,50.24925994873047,29.407028198242188,24.33409309387207,90.28329467773438,61.27568054199219
2020-06-17,85.031494140625,285.0467834472656,66.11933135986328,24.788225173950195,52.06785583496094,15.440744400024414,21.52754783630371,63.854530334472656,48.748985290527344,50.17351531982422,29.061437606811523,24.26028060913086,90.19322204589844,61.11443328857422
2020-06-18,85.06534576416016,285.156494140625,66.9306640625,24.805830001831055,52.236690521240234,15.631376266479492,21.500818252563477,63.61854934692383,48.96778869628906,50.43440246582031,28.699783325195312,24.256179809570312,89.88697052001953,60.891502380371094
2020-06-19,84.57921600341797,283.5269470214844,66.72666931152344,24.730995178222656,52.09600067138672,15.394062042236328,21.358318328857422,62.837955474853516,48.630069732666016,50.17351531982422,28.41045379638672,23.575450897216797,90.75170135498047,60.41720962524414
2020-06-22,86.79212951660156,285.34576416015625,66.28800201416016,24.822616577148438,52.21065902709961,15.465376853942871,21.25254249572754,62.94371795654297,49.54631423950195,50.030181884765625,28.329465866088867,23.80535316467285,90.4034194946289,61.038082122802734
2020-06-23,88.64469146728516,286.659423828125,66.78533172607422,24.880159378051758,52.549015045166016,15.481144905090332,21.351144790649414,62.95283889770508,49.90403366088867,49.95386505126953,28.224178314208984,23.565521240234375,90.79237365722656,61.51824951171875
2020-06-24,87.07991027832031,279.3470153808594,64.0566635131836,24.154245376586914,51.36475372314453,14.622172355651855,20.598207473754883,60.76475143432617,48.77841567993164,49.11423110961914,27.50339698791504,23.350502014160156,88.42241668701172,60.1633186340332
2020-06-25,88.2359619140625,282.3419189453125,65.73200225830078,24.45523452758789,51.59033966064453,14.901925086975098,21.144975662231445,61.43941116333008,49.403228759765625,49.461944580078125,27.79494857788086,23.061044692993164,89.29080963134766,60.24414825439453
2020-06-26,85.52485656738281,275.63580322265625,63.982666015625,24.118839263916016,49.315799713134766,14.385758399963379,20.239667892456055,60.299774169921875,48.43023681640625,48.452701568603516,27.31711769104004,22.81708526611328,88.2052993774414,58.83217239379883
2020-06-29,87.49593353271484,279.6869812011719,67.29000091552734,24.58802604675293,50.22748947143555,14.578824043273926,20.463754653930664,62.278167724609375,48.959651947021484,49.36866760253906,27.78685188293457,23.24712371826172,89.00133514404297,59.949398040771484
2020-06-30,88.22630310058594,283.2696228027344,71.98733520507812,24.942127227783203,50.79142379760742,14.91374683380127,20.74162483215332,62.63374710083008,49.837257385253906,49.73335266113281,28.191795349121094,23.333959579467773,90.5210189819336,60.71479797363281
2020-07-01,88.05940246582031,285.2539367675781,74.64199829101562,24.99524688720703,52.05087661743164,14.551249504089355,20.562353134155273,62.35111618041992,49.918331146240234,49.77574920654297,28.96117401123047,23.879783630371094,91.21753692626953,61.328086853027344
2020-07-02,88.05940246582031,286.82476806640625,80.57733154296875,25.464427947998047,51.881690979003906,14.712799072265625,20.589248657226562,62.888999938964844,50.20928192138672,50.030181884765625,28.863977432250977,23.941808700561523,91.90504455566406,61.57054138183594
2020-07-06,90.41500854492188,291.2525329589844,91.43866729736328,25.827381134033203,52.92497253417969,14.75614070892334,20.9836368560791,63.79158401489258,51.086875915527344,50.27613830566406,28.896381378173828,23.648221969604492,92.83672332763672,63.030067443847656
2020-07-07,90.13448333740234,288.2486267089844,92.65733337402344,25.836238861083984,52.774593353271484,14.287254333496094,20.553390502929688,62.56991195678711,50.55269241333008,50.73411560058594,28.42665672302246,23.553117752075195,92.03166961669922,62.041194915771484
2020-07-08,92.23372650146484,290.4533996582031,91.05867004394531,25.46885871887207,53.24453353881836,14.275430679321289,20.768510818481445,62.56991195678711,51.37782669067383,50.60689926147461,28.41046142578125,23.763999938964844,92.04070281982422,62.7020378112793
2020-07-09,92.63035583496094,288.79986572265625,92.9520034790039,25.229833602905273,53.310333251953125,13.570131301879883,20.329301834106445,61.211490631103516,51.5638427734375,50.20829772949219,28.31327247619629,23.445606231689453,91.31706237792969,62.63071060180664
2020-07-10,92.79241180419922,291.74859619140625,102.97666931152344,25.668041229248047,54.231422424316406,14.003556251525879,21.028459548950195,62.004661560058594,51.549537658691406,51.13272476196289,28.34565544128418,23.88805389404297,91.09994506835938,63.37712097167969
2020-07-13,92.36431121826172,289.2223815917969,99.80400085449219,25.668041229248047,53.14114761352539,13.928690910339355,21.118087768554688,62.25993347167969,50.48114776611328,51.05641555786133,27.90023422241211,23.912864685058594,91.61557006835938,62.573673248291016
2020-07-14,93.89280700683594,292.9704284667969,101.12000274658203,26.31427574157715,53.66747283935547,14.417280197143555,21.225656509399414,63.60923385620117,51.06303787231445,51.8027458190918,28.175594329833984,24.136157989501953,93.43376922607422,63.19645309448242
2020-07-15,94.53853607177734,295.6620788574219,103.06732940673828,26.75690269470215,53.987037658691406,14.728560447692871,21.646940231323242,65.23207092285156,51.33967590332031,51.84515380859375,28.30517578125,24.04104995727539,94.6458969116211,64.09974670410156
2020-07-16,93.37525939941406,294.6882019042969,100.04266357421875,26.84543228149414,54.081024169921875,14.661574363708496,21.646940231323242,65.25032806396484,50.7053108215332,51.95539855957031,27.973129272460938,24.347042083740234,94.49210357666016,63.92859649658203
2020-07-17,93.18659973144531,295.5426025390625,100.05599975585938,27.071170806884766,53.95884323120117,14.456681251525879,21.46767234802246,65.64234161376953,50.95333480834961,52.235286712646484,28.36186408996582,24.896997451782227,95.78567504882812,63.62907028198242
2020-07-20,95.15039825439453,297.93109130859375,109.53333282470703,26.836576461791992,54.607357025146484,14.216329574584961,21.36907196044922,64.84004974365234,52.25542068481445,51.70945739746094,28.094602584838867,24.570329666137695,95.76757049560547,64.6464614868164
2020-07-21,93.83717346191406,298.5649108886719,104.55733489990234,27.071170806884766,54.34419250488281,15.075296401977539,21.790359497070312,65.69705963134766,51.73077392578125,52.15895080566406,28.102705001831055,24.681978225708008,95.70425415039062,64.74629211425781
2020-07-22,94.10077667236328,300.2643737792969,106.15533447265625,27.385435104370117,54.40059280395508,14.890108108520508,21.790359497070312,66.22582244873047,52.145729064941406,52.57453155517578,28.442846298217773,25.062400817871094,96.5635986328125,65.30253601074219
2020-07-23,89.81764221191406,296.6816711425781,100.87133026123047,27.301340103149414,53.5171012878418,14.862528800964355,21.80828857421875,66.02525329589844,50.791175842285156,52.76112747192383,28.297075271606445,25.091346740722656,96.12939453125,64.32318878173828
2020-07-24,89.59515380859375,294.77093505859375,94.46666717529297,27.208391189575195,53.4325065612793,14.779781341552734,21.754507064819336,65.49646759033203,50.1759033203125,52.693267822265625,28.183691024780273,24.925941467285156,95.071044921875,64.43728637695312
2020-07-27,91.71856689453125,296.92059326171875,102.63999938964844,27.602323532104492,53.799076080322266,14.795539855957031,21.57523536682129,65.76995849609375,50.967647552490234,52.9561882019043,28.515743255615234,24.624088287353516,95.78567504882812,64.83665466308594
2020-07-28,90.21187591552734,295.0373229980469,98.43267059326172,26.99592399597168,53.24453353881836,14.543367385864258,21.521453857421875,65.31413269042969,50.3714485168457,53.151241302490234,29.090747833251953,24.99624252319336,95.67711639404297,64.19481658935547
2020-07-29,91.94109344482422,298.6658935546875,99.94066619873047,27.21723747253418,53.7332649230957,14.846765518188477,21.92481231689453,66.3078842163086,51.10118865966797,53.227577209472656,29.64145851135254,25.112024307250977,96.68118286132812,64.84614562988281
2020-07-30,93.0535888671875,297.6003112792969,99.16600036621094,26.690507888793945,53.8836555480957,14.263611793518066,21.530418395996094,65.64234161376953,51.38736343383789,53.227577209472656,29.39850425720215,25.112024307250977,96.01179504394531,64.7938232421875
2020-07-31,102.79524993896484,299.95208740234375,95.38400268554688,26.717071533203125,54.635562896728516,14.19662857055664,21.539377212524414,65.39620208740234,52.670379638671875,53.17668914794922,29.366104125976562,25.15337562561035,95.46000671386719,65.13139343261719
2020-08-03,105.38542938232422,302.0373840332031,99.0,26.566577911376953,54.682559967041016,14.247854232788086,21.60212516784668,65.669677734375,53.96770477294922,53.032508850097656,28.896381378173828,24.880456924438477,96.4460220336914,64.99351501464844
2020-08-04,106.08921813964844,303.2039794921875,99.13333129882812,26.94281578063965,55.030311584472656,14.594590187072754,21.512487411499023,65.83380126953125,54.10601806640625,53.69403839111328,29.325611114501953,25.15337562561035,96.0208511352539,65.51646423339844
2020-08-05,106.4737548828125,305.087158203125,99.00133514404297,27.336750030517578,54.94572448730469,14.748260498046875,21.80828857421875,67.0919189453125,54.30634307861328,53.58378601074219,29.106945037841797,24.830839157104492,96.4640884399414,66.31515502929688
2020-08-06,110.18854522705078,307.12652587890625,99.30533599853516,27.22166633605957,56.39314651489258,14.630051612854004,21.799320220947266,67.34722137451172,55.0694694519043,53.57529830932617,29.163637161254883,24.97556495666504,95.94847869873047,66.638427734375
2020-08-07,107.6833267211914,307.34698486328125,96.84733581542969,27.314620971679688,56.32735824584961,14.64975357055664,22.26542091369629,68.49596405029297,54.24910354614258,53.86366271972656,29.56048011779785,25.426284790039062,96.25604248046875,66.73827362060547
2020-08-10,109.24848937988281,308.2657165527344,94.57133483886719,27.5801944732666,56.13938522338867,15.10288143157959,22.42677116394043,70.18260955810547,54.09648132324219,54.14352798461914,29.511878967285156,25.418018341064453,95.9303970336914,67.53695678710938
2020-08-11,105.99945831298828,305.7210693359375,91.6259994506836,27.53150749206543,55.302886962890625,15.051657676696777,22.686708450317383,70.55638885498047,53.12348937988281,53.7703742980957,28.944978713989258,24.868053436279297,95.32433319091797,67.40383911132812
2020-08-12,109.52225494384766,309.9834899902344,103.65066528320312,27.69527816772461,55.96078872680664,15.201383590698242,22.623966217041016,70.78430938720703,54.33019256591797,54.465824127197266,29.309415817260742,25.227800369262695,96.92542266845703,68.29763793945312
2020-08-13,111.46052551269531,309.423095703125,108.06666564941406,27.69085121154785,56.24277114868164,14.905871391296387,22.480552673339844,70.4105453491211,54.35405349731445,54.42341613769531,28.969274520874023,25.18644905090332,96.79878997802734,68.26910400390625
2020-08-14,111.36121368408203,309.4322814941406,110.04733276367188,27.721830368041992,56.23337173461914,15.04771614074707,22.5701847076416,70.68403625488281,54.31587600708008,54.41493225097656,29.042156219482422,24.967294692993164,96.60881805419922,68.26433563232422
2020-08-17,111.07044982910156,310.4153137207031,122.3759994506836,27.845775604248047,56.299171447753906,14.96103286743164,22.1937198638916,70.3558349609375,54.67836380004883,54.72025680541992,29.301315307617188,24.93421745300293,97.1787109375,69.14384460449219
2020-08-18,111.99600219726562,311.0859680175781,125.80599975585938,27.730688095092773,56.806705474853516,14.77190113067627,22.050302505493164,69.97291564941406,54.88346481323242,54.94076156616211,29.2689208984375,24.82257080078125,97.15158081054688,69.57172393798828
2020-08-19,112.13652038574219,309.7906188964844,125.23533630371094,27.651016235351562,56.646915435791016,14.602470397949219,22.04133415222168,69.79057312011719,54.816688537597656,54.50822067260742,28.66961669921875,24.748136520385742,96.83496856689453,69.24368286132812
2020-08-20,114.62477111816406,310.7551574707031,133.45533752441406,27.553638458251953,57.351837158203125,14.287254333496094,21.835172653198242,69.41677856445312,55.54642868041992,54.397972106933594,28.977365493774414,24.52897834777832,96.52742004394531,69.13909149169922
2020-08-21,120.53167724609375,311.85748291015625,136.6653289794922,27.394290924072266,57.098060607910156,14.19662857055664,21.790359497070312,69.69939422607422,56.25233840942383,54.53367233276367,29.074552536010742,24.570329666137695,96.62690734863281,69.49566650390625
2020-08-24,121.97327423095703,315.0176696777344,134.27999877929688,27.87675666809082,57.793582916259766,14.586709976196289,22.31024169921875,70.95755004882812,56.738826751708984,55.00014114379883,29.11504554748535,24.785358428955078,96.18367767333984,70.55109405517578
2020-08-25,120.97264099121094,316.1200256347656,134.8893280029297,27.766098022460938,58.33871841430664,14.381816864013672,22.37298583984375,70.86637878417969,57.02500915527344,54.88139343261719,29.204132080078125,24.549659729003906,96.83496856689453,70.78401947021484
2020-08-26,122.61774444580078,319.2892761230469,143.54466247558594,28.05823516845703,60.331275939941406,14.078420639038086,22.26542091369629,70.90283966064453,58.18400192260742,54.949241638183594,29.00166893005371,24.27674674987793,96.71736145019531,71.4828872680664
2020-08-27,121.15191650390625,319.9873962402344,149.25,27.98298454284668,59.598167419433594,14.105999946594238,22.64189338684082,71.15812683105469,58.231693267822266,55.28849792480469,29.390405654907227,24.355314254760742,97.47721862792969,71.09778594970703
2020-08-28,120.95567321777344,322.0543518066406,147.55999755859375,28.314964294433594,59.73914337158203,14.358177185058594,22.73153305053711,71.83279418945312,58.74205017089844,55.780391693115234,29.617168426513672,24.425609588623047,97.69430541992188,71.56371307373047
2020-08-31,125.05753326416016,320.8876953125,166.10667419433594,27.881187438964844,59.45717239379883,14.04690170288086,22.462623596191406,70.93932342529297,58.928062438964844,55.619266510009766,29.35801124572754,24.500036239624023,97.92951202392578,71.35452270507812
2020-09-01,130.0388946533203,323.90997314453125,158.35000610351562,28.66463851928711,59.945926666259766,13.952332496643066,22.525367736816406,71.6595687866211,60.053680419921875,55.67862319946289,29.309415817260742,24.218852996826172,97.05207061767578,72.10091400146484
2020-09-02,127.34471130371094,328.5950622558594,149.1233367919922,29.315303802490234,61.22416305541992,13.88535213470459,22.848051071166992,72.84476470947266,60.58787155151367,56.687870025634766,29.965410232543945,24.971433639526367,98.99689483642578,73.09928131103516
2020-09-03,117.14936828613281,317.2866516113281,135.6666717529297,28.505290985107422,59.14701461791992,13.782902717590332,22.498477935791016,70.80255126953125,57.13470458984375,55.71255874633789,29.463293075561523,24.690248489379883,96.30128479003906,70.77926635742188
2020-09-04,117.2269058227539,314.696044921875,139.44000244140625,28.522993087768555,58.06614685058594,13.739561080932617,22.668787002563477,70.9666519165039,56.33818054199219,55.585330963134766,29.35801124572754,24.549659729003906,95.61377716064453,69.96156311035156
2020-09-08,109.33812713623047,306.0976867675781,110.06999969482422,27.987417221069336,56.53413391113281,13.239152908325195,22.086153030395508,69.63557434082031,53.791229248046875,54.41493225097656,28.98546028137207,24.413206100463867,94.03982543945312,69.04400634765625
2020-09-09,113.6992416381836,312.142333984375,122.09333038330078,28.708898544311523,57.210838317871094,13.329778671264648,22.31024169921875,70.71138763427734,55.54642868041992,55.20368576049805,29.301315307617188,24.735736846923828,95.70425415039062,70.3466567993164
2020-09-10,109.9874496459961,306.72235107421875,123.77999877929688,28.43889617919922,56.364952087402344,12.841190338134766,21.996517181396484,69.80879974365234,54.29203414916992,54.52519607543945,28.888282775878906,24.309829711914062,94.23884582519531,69.3387451171875
2020-09-11,108.5434341430664,306.8785095214844,124.23999786376953,28.801849365234375,56.186363220214844,12.853010177612305,22.14889907836914,70.75698852539062,53.8770866394043,54.830509185791016,28.791093826293945,24.36771583557129,94.60969543457031,69.4433364868164
2020-09-14,111.79974365234375,310.92041015625,139.8733367919922,29.21792221069336,56.402549743652344,12.951519966125488,22.453664779663086,71.7142562866211,55.007469177246094,55.18671417236328,29.495695114135742,24.702651977539062,95.96656799316406,70.18025970458984
2020-09-15,111.97418975830078,312.4914245605469,149.9199981689453,29.35956382751465,57.408233642578125,12.856952667236328,22.14889907836914,71.75984191894531,55.55120849609375,55.110382080078125,29.884428024291992,24.868053436279297,96.09322357177734,70.75548553466797
2020-09-16,108.6694107055664,311.25128173828125,147.25332641601562,29.381694793701172,56.78790283203125,13.37312126159668,22.39987564086914,72.48921203613281,54.69267654418945,54.86444091796875,30.078805923461914,24.83497428894043,95.9303970336914,70.36092376708984
2020-09-17,106.93466186523438,308.513671875,141.14332580566406,29.598583221435547,55.74462890625,13.392824172973633,22.166828155517578,72.63508605957031,54.23957824707031,54.51670455932617,29.414697647094727,24.632362365722656,95.61377716064453,69.3720474243164
2020-09-18,103.54268646240234,304.9619445800781,147.38333129882812,29.089557647705078,55.208892822265625,13.243095397949219,22.122013092041016,71.82366180419922,53.30474090576172,54.01630401611328,28.83159065246582,24.19818115234375,95.46906280517578,68.40696716308594
2020-09-21,106.68267059326172,301.5677795410156,149.79666137695312,28.110300064086914,54.56276321411133,12.804139137268066,21.56772232055664,69.43946075439453,53.74785614013672,53.60424041748047,28.060020446777344,24.04762077331543,93.70538330078125,67.4188461303711
2020-09-22,108.35929107666016,304.63909912109375,141.41000366210938,28.163665771484375,55.617671966552734,12.671972274780273,21.387462615966797,70.12589263916016,54.598716735839844,53.91991424560547,28.394065856933594,24.197765350341797,93.50558471679688,68.8433609008789
2020-09-23,103.81403350830078,297.57421875,126.78666687011719,27.336503982543945,54.28961944580078,12.099249839782715,20.9097843170166,68.87200164794922,52.8969841003418,53.109405517578125,27.579322814941406,23.826580047607422,92.54293060302734,67.7142333984375
2020-09-24,104.8801040649414,298.3673400878906,129.26333618164062,27.532175064086914,54.39323806762695,12.095245361328125,20.95484733581543,68.97267150878906,53.193355560302734,53.501861572265625,27.70967674255371,24.09349822998047,92.07975769042969,67.6856460571289
2020-09-25,108.81478881835938,303.1911315917969,135.77999877929688,27.776762008666992,55.118473052978516,12.087239265441895,21.171154022216797,70.00688171386719,54.46487808227539,53.78340530395508,28.247419357299805,24.48970603942871,93.56007385253906,68.56706237792969
2020-09-28,111.4120864868164,308.2269287109375,140.39999389648438,28.225929260253906,55.85313415527344,12.37159252166748,21.675874710083008,71.26995849609375,55.50694274902344,54.38916015625,28.736265182495117,24.552263259887695,94.40467834472656,70.00106048583984
2020-09-29,110.56893920898438,306.5482177734375,139.69000244140625,28.016910552978516,55.909645080566406,12.03116512298584,21.405485153198242,70.63841247558594,55.32052993774414,54.03082275390625,28.589611053466797,24.543920516967773,94.28662872314453,69.45794677734375
2020-09-30,112.23583221435547,308.8725280761719,143.00332641601562,28.301528930664062,55.947330474853516,11.995121002197266,21.693899154663086,70.45537567138672,55.78418731689453,54.6877555847168,28.736265182495117,24.76496124267578,95.79419708251953,70.02490234375
2020-10-01,113.18559265136719,310.85540771484375,149.3866729736328,27.90128517150879,56.7479133605957,11.626656532287598,21.729948043823242,70.244873046875,56.372154235839844,54.994903564453125,29.20881462097168,25.01519775390625,95.4672622680664,70.93964385986328
2020-10-02,109.5319595336914,307.9039611816406,138.3633270263672,28.15032386779785,55.6270866394043,11.73879623413086,21.90119171142578,71.03199005126953,54.9428825378418,54.6877555847168,29.681371688842773,25.311311721801758,94.59539031982422,70.63948059082031
2020-10-05,112.90455627441406,313.3641662597656,141.89332580566406,28.688430786132812,56.54069519042969,12.091241836547852,22.261707305908203,72.1760482788086,56.14748001098633,55.05461883544922,29.844327926635742,25.628276824951172,96.53888702392578,71.57327270507812
2020-10-06,109.66763305664062,308.9094543457031,137.9933319091797,28.328208923339844,55.35394287109375,11.911011695861816,22.03639030456543,71.29740905761719,55.27750015258789,54.696285247802734,29.591751098632812,25.84514808654785,95.25836181640625,70.24880981445312
2020-10-07,111.52838134765625,314.2864990234375,141.76666259765625,29.057537078857422,55.75894546508789,12.079224586486816,22.405914306640625,72.87163543701172,56.290889739990234,55.28498077392578,29.673234939575195,26.003631591796875,97.05655670166016,71.85438537597656
2020-10-08,111.42178344726562,317.0718078613281,141.97332763671875,29.35105323791504,56.484188079833984,12.531795501708984,22.712350845336914,73.59467315673828,56.58246612548828,55.65183639526367,30.170223236083984,26.479074478149414,97.52880096435547,72.3260269165039
2020-10-09,113.36003112792969,319.9033508300781,144.6666717529297,29.577856063842773,56.82326126098633,12.331543922424316,22.73938751220703,73.86923217773438,57.44767379760742,56.08695602416992,30.088754653930664,26.47490882873535,98.40972137451172,73.07878875732422
2020-10-12,120.56074523925781,325.0498352050781,147.43333435058594,29.528934478759766,58.32085037231445,12.363585472106934,22.991748809814453,74.29023742675781,59.01557540893555,56.73534393310547,30.24355697631836,26.641733169555664,99.08177185058594,74.0506820678711
2020-10-13,117.36259460449219,322.92852783203125,148.88333129882812,29.266555786132812,58.37736129760742,12.171341896057129,22.550119400024414,73.46654510498047,58.63793182373047,56.69269561767578,29.730257034301758,26.458221435546875,98.32798767089844,74.03639221191406
2020-10-14,117.44981384277344,320.8994140625,153.76666259765625,29.35105323791504,57.68036651611328,12.223410606384277,22.33380699157715,73.87837982177734,58.32721710205078,56.402610778808594,29.3880615234375,26.424856185913086,97.7558364868164,73.2169418334961
2020-10-15,116.98462677001953,320.50286865234375,149.6266632080078,29.266555786132812,57.23769760131836,12.37159252166748,22.505056381225586,74.14382934570312,58.0643196105957,56.4367561340332,29.526575088500977,26.408180236816406,97.04747772216797,73.48851013183594
2020-10-16,115.3467788696289,320.3091125488281,146.55667114257812,29.471120834350586,57.24710464477539,12.091241836547852,22.5230770111084,74.68379974365234,57.897003173828125,56.45380783081055,29.420658111572266,26.6917781829834,98.0101318359375,72.82152557373047
2020-10-19,112.40061950683594,315.43939208984375,143.61000061035156,29.12868881225586,56.2204704284668,11.834916114807129,22.18059539794922,73.75940704345703,56.8358268737793,55.720088958740234,28.956253051757812,26.46656608581543,96.45716857910156,71.92583465576172
2020-10-20,113.88339233398438,316.7029113769531,140.64666748046875,29.19540023803711,56.62548065185547,11.975091934204102,22.3608455657959,74.14382934570312,57.03180694580078,55.66035461425781,29.151784896850586,26.625041961669922,96.58432006835938,72.5023193359375
2020-10-21,113.26315307617188,316.1034240722656,140.8800048828125,29.084224700927734,57.5767707824707,11.746804237365723,22.243682861328125,73.39331817626953,56.945762634277344,55.71156311035156,29.045867919921875,26.554147720336914,96.10295867919922,72.10688781738281
2020-10-22,112.17769622802734,317.8373107910156,141.92999267578125,29.24431610107422,57.953514099121094,12.231417655944824,22.6853084564209,73.99738311767578,56.67807388305664,55.68595504760742,28.84218406677246,26.929500579833984,97.55603790283203,72.25457000732422
2020-10-23,111.4896240234375,318.9164733886719,140.2100067138672,29.35105323791504,58.49979782104492,12.171341896057129,22.757415771484375,74.29023742675781,56.615936279296875,55.78833770751953,29.029579162597656,27.004566192626953,97.9193115234375,72.8882064819336
2020-10-26,111.49931335449219,313.0228576660156,140.0933380126953,28.617271423339844,57.21885681152344,11.73479175567627,22.243682861328125,72.43230438232422,55.38744354248047,55.07168960571289,28.67923927307129,26.996231079101562,96.82952880859375,71.48753356933594
2020-10-27,113.00147247314453,311.94378662109375,141.55999755859375,28.345996856689453,57.586185455322266,11.582599639892578,21.838102340698242,70.84892272949219,55.66468811035156,54.92664337158203,28.312591552734375,26.97537612915039,96.16654205322266,71.45418548583984
2020-10-28,107.76811981201172,301.2817687988281,135.33999633789062,27.545515060424805,55.325679779052734,11.09798812866211,21.2793025970459,68.52420806884766,53.30329513549805,53.322696685791016,27.68523597717285,26.191299438476562,93.11504364013672,69.19593048095703
2020-10-29,111.76095581054688,304.34393310546875,136.94332885742188,28.114748001098633,56.71965408325195,11.438417434692383,21.441543579101562,69.52181243896484,54.19240951538086,53.30563735961914,28.002988815307617,26.26220703125,92.35221099853516,69.6342544555664
2020-10-30,105.50033569335938,301.1711730957031,129.34666442871094,28.096956253051758,55.75894546508789,11.5024995803833,21.504627227783203,69.43946075439453,52.99260330200195,53.11793899536133,27.823741912841797,26.016141891479492,92.32495880126953,68.11443328857422
2020-11-02,105.41313171386719,304.546875,133.50332641601562,29.030855178833008,55.730690002441406,11.894993782043457,21.910205841064453,71.31571197509766,53.12644577026367,53.96257400512695,28.508134841918945,26.58751106262207,93.9869384765625,68.60040283203125
2020-11-03,107.03160095214844,309.92388916015625,141.3000030517578,29.484468460083008,56.55954360961914,11.826909065246582,22.39690399169922,73.42076873779297,54.06333923339844,54.8498649597168,28.956253051757812,26.971202850341797,95.35826873779297,70.11065673828125
2020-11-04,111.40239715576172,316.8504638671875,140.32666015625,28.9819393157959,58.998985290527344,11.842928886413574,22.135526657104492,72.66111755371094,56.16659927368164,54.875465393066406,29.037715911865234,26.5666561126709,99.59036254882812,71.60186767578125
2020-11-05,115.35647583007812,323.0299987792969,146.02999877929688,30.16488265991211,60.13865661621094,11.842928886413574,22.67629623413086,74.37263488769531,57.91135025024414,55.276432037353516,29.143646240234375,26.80437660217285,99.79015350341797,72.99778747558594
2020-11-06,115.22543334960938,322.9562072753906,143.31666564941406,30.2404727935791,59.997379302978516,11.5866060256958,22.49604034423828,74.44583129882812,58.11690139770508,55.53239440917969,29.029579162597656,26.745990753173828,99.82648468017578,72.77864074707031
2020-11-09,112.92457580566406,327.01434326171875,140.4199981689453,30.920886993408203,59.48876953125,13.240693092346191,24.343671798706055,76.9810562133789,57.69624328613281,55.404422760009766,29.795440673828125,27.242300033569336,100.76190185546875,72.54043579101562
2020-11-10,112.5848159790039,326.53472900390625,136.7866668701172,31.28555679321289,59.30038833618164,13.669234275817871,24.46985626220703,78.33562469482422,56.62071228027344,56.496463775634766,29.958396911621094,27.634326934814453,101.05250549316406,72.28315734863281
2020-11-11,116.00206756591797,328.96038818359375,139.0433349609375,30.818601608276367,59.837257385253906,13.529054641723633,24.370712280273438,77.67666625976562,57.96393966674805,56.98276901245117,30.186519622802734,27.738597869873047,100.92536163330078,72.91679382324219
2020-11-12,115.730224609375,325.76922607421875,137.25332641601562,30.169321060180664,59.498199462890625,13.09250259399414,23.96513557434082,76.78886413574219,57.44767379760742,56.829200744628906,29.876911163330078,27.292341232299805,100.55300903320312,71.94013214111328
2020-11-13,115.77877807617188,330.279296875,136.1666717529297,30.689647674560547,60.38356018066406,13.569101333618164,24.36170196533203,78.49120330810547,57.93525314331055,57.614112854003906,30.56130027770996,27.56342887878418,101.824462890625,73.10736083984375
2020-11-16,116.78840637207031,334.4020690917969,136.02999877929688,31.294445037841797,60.769718170166016,14.462228775024414,24.902469635009766,80.404052734375,58.4945182800293,58.143070220947266,30.75684928894043,27.84285545349121,101.65192413330078,74.06500244140625
2020-11-17,115.90499114990234,332.603515625,147.20333862304688,31.178821563720703,60.55309295654297,14.610416412353516,24.86642074584961,80.19357299804688,58.16948699951172,57.733543395996094,30.773136138916016,27.296512603759766,100.98895263671875,73.75054931640625
2020-11-18,114.58468627929688,328.6007385253906,162.2133331298828,30.920886993408203,59.94086456298828,14.185881614685059,24.632083892822266,79.83663940429688,57.54806900024414,56.94010925292969,30.251708984375,26.762678146362305,99.1090316772461,73.24555206298828
2020-11-19,115.17686462402344,329.9841613769531,166.42333984375,31.049867630004883,60.308204650878906,14.418173789978027,24.71320152282715,80.0379638671875,58.01173782348633,57.09367752075195,30.300580978393555,26.495756149291992,99.03636932373047,73.60762023925781
2020-11-20,113.9148178100586,327.7244567871094,163.20333862304688,31.023174285888672,60.16692352294922,14.342079162597656,24.496891021728516,79.31493377685547,57.414215087890625,56.73534393310547,30.096891403198242,26.49993324279785,98.80934143066406,73.22171783447266
2020-11-23,110.52671813964844,329.68896484375,173.9499969482422,31.28110122680664,60.1951789855957,15.35535717010498,24.956546783447266,80.64202880859375,57.399879455566406,56.752418518066406,29.99912452697754,26.504098892211914,98.55502319335938,74.02688598632812
2020-11-24,111.80815124511719,335.0015563964844,185.1266632080078,32.05934524536133,61.42902755737305,16.14434814453125,25.830793380737305,82.051513671875,58.19816207885742,57.1363410949707,29.982831954956055,26.787700653076172,98.84563446044922,75.12741088867188
2020-11-25,112.6430435180664,334.4851379394531,191.3333282470703,31.725814819335938,61.419620513916016,15.767873764038086,25.740663528442383,81.42913818359375,58.32244110107422,57.102203369140625,30.056156158447266,26.858598709106445,98.48238372802734,75.21794891357422
2020-11-27,113.18670654296875,335.4165954589844,195.25332641601562,31.890365600585938,61.815208435058594,15.583643913269043,25.659547805786133,81.29183959960938,58.63314437866211,57.09367752075195,29.99912452697754,26.5916805267334,99.39057159423828,75.3799057006836
2020-11-30,115.57489776611328,333.9316711425781,189.1999969482422,31.570161819458008,61.59857177734375,14.722555160522461,25.127790451049805,80.5688247680664,59.02511978149414,57.08515548706055,29.73841094970703,26.207988739013672,99.66300201416016,74.92256164550781
2020-12-01,119.13776397705078,337.58392333984375,194.9199981689453,31.917043685913086,62.728816986083984,14.79064655303955,25.51534652709961,80.3674545288086,59.7803840637207,57.5885124206543,30.11318588256836,26.391490936279297,100.49854278564453,75.47998046875
2020-12-02,119.48726654052734,338.2941589355469,189.60667419433594,31.507909774780273,63.312767028808594,15.271248817443848,25.794740676879883,80.47728729248047,59.68956756591797,57.110748291015625,29.795440673828125,26.5666561126709,101.25231170654297,75.00830078125
2020-12-03,119.35135650634766,338.2019348144531,197.7933349609375,31.290010452270508,63.03021240234375,15.431456565856934,25.803752899169922,80.68779754638672,59.651309967041016,57.25578308105469,30.01542854309082,26.29140281677246,101.12517547607422,75.21794891357422
2020-12-04,118.68151092529297,341.1164855957031,199.67999267578125,31.92148780822754,63.086734771728516,16.27251625061035,26.119199752807617,81.64879608154297,60.24883270263672,57.69942855834961,30.414663314819336,26.028657913208008,102.20590209960938,75.28939056396484
2020-12-07,120.1377182006836,340.4154052734375,213.9199981689453,31.712472915649414,63.4823112487793,15.89202880859375,25.938945770263672,81.25524139404297,60.420928955078125,57.47760009765625,30.11318588256836,26.174619674682617,101.57923889160156,75.11788177490234
2020-12-08,120.74931335449219,341.4116516113281,216.6266632080078,31.890365600585938,63.38813400268555,16.12833595275879,25.929935455322266,81.64879608154297,60.61691665649414,57.79328155517578,29.97468376159668,26.09538459777832,102.35120391845703,74.9606704711914
2020-12-09,118.2251968383789,338.3495178222656,201.4933319091797,31.908145904541016,62.63462829589844,16.16437530517578,25.86684799194336,81.83185577392578,59.4553337097168,57.56291580200195,29.697669982910156,26.04950523376465,101.99700164794922,74.88919067382812
2020-12-10,119.64258575439453,338.2388610839844,209.02333068847656,31.712472915649414,62.672298431396484,16.66099739074707,25.91190528869629,81.05387115478516,59.54137420654297,57.30696105957031,29.53472328186035,25.916046142578125,101.824462890625,74.82252502441406
2020-12-11,118.83682250976562,337.84222412109375,203.3300018310547,31.530139923095703,63.049049377441406,16.46875762939453,25.650535583496094,81.24610137939453,59.41708755493164,57.43494415283203,29.551015853881836,25.957752227783203,101.42486572265625,74.4651870727539
2020-12-14,118.2251968383789,336.32965087890625,213.27667236328125,31.129901885986328,62.85126876831055,15.89202880859375,25.35310935974121,80.19357299804688,59.632205963134766,57.2131233215332,29.33917808532715,25.824295043945312,100.66199493408203,74.57476043701172
2020-12-15,124.14717102050781,340.87664794921875,211.0833282470703,31.69467544555664,63.369293212890625,16.204421997070312,25.785730361938477,81.31014251708984,60.6264762878418,57.34962844848633,29.852474212646484,26.333105087280273,101.7518081665039,75.58003234863281
2020-12-16,124.07918548583984,341.4116516113281,207.58999633789062,31.605751037597656,63.312767028808594,16.12432289123535,25.830793380737305,80.80677795410156,61.037559509277344,57.460540771484375,29.86062240600586,26.028657913208008,101.4521255493164,76.07550048828125
2020-12-17,124.9432373046875,343.3207702636719,218.63333129882812,31.97040367126465,63.152652740478516,16.048229217529297,25.902894973754883,81.30101013183594,61.52035140991211,57.8274040222168,30.210969924926758,26.20382308959961,102.54193115234375,76.59478759765625
2020-12-18,122.96277618408203,341.94989013671875,231.6666717529297,32.11271286010742,63.20915985107422,15.779891967773438,25.67757225036621,81.31014251708984,61.30524826049805,57.95536804199219,29.689516067504883,25.978607177734375,102.62367248535156,76.22319793701172
2020-12-21,124.4869384765625,340.727294921875,216.6199951171875,31.94243812561035,62.66862487792969,15.475493431091309,26.02371597290039,80.81940460205078,61.3665885925293,57.33079528808594,29.4221248626709,25.66400718688965,101.59683227539062,75.36211395263672
2020-12-22,128.0303955078125,340.1530456542969,213.44667053222656,31.745784759521484,62.08371353149414,15.215743064880371,25.769996643066406,80.44259643554688,61.898399353027344,56.92645263671875,29.628450393676758,25.613534927368164,101.28678894042969,75.03756713867188
2020-12-23,127.13724517822266,340.4586486816406,215.32666015625,31.790485382080078,62.44221496582031,15.552607536315918,26.19587516784668,80.8653335571289,61.428863525390625,57.11572265625,29.347848892211914,25.56307029724121,101.3597412109375,75.19984436035156
2020-12-24,128.11778259277344,341.783203125,220.58999633789062,31.99159812927246,62.50824737548828,15.471430778503418,26.232118606567383,80.8745346069336,61.836116790771484,57.39961624145508,29.636703491210938,25.743925094604492,101.65154266357422,75.35735321044922
2020-12-28,132.6999969482422,344.71942138671875,221.22999572753906,31.8664493560791,63.63086700439453,15.374031066894531,26.358978271484375,80.97563171386719,62.535648345947266,57.85557174682617,29.87604331970215,25.85747718811035,101.90690612792969,76.21652221679688
2020-12-29,130.93313598632812,344.06182861328125,221.99667358398438,31.790485382080078,63.57426071166992,15.272564888000488,26.268362045288086,80.48854064941406,62.238590240478516,57.68352127075195,29.644954681396484,25.8532772064209,102.39020538330078,76.24037170410156
2020-12-30,129.81668090820312,344.55267333984375,231.5933380126953,32.22847366333008,63.14973449707031,15.512019157409668,26.38616180419922,81.0031967163086,62.205047607421875,57.6233024597168,29.81001853942871,25.983654022216797,102.37196350097656,76.6986083984375
2020-12-31,128.81675720214844,346.3032531738281,235.22332763671875,32.353607177734375,63.6591682434082,15.382145881652832,26.712356567382812,81.38002014160156,62.29608917236328,58.02762985229492,30.17315673828125,26.37058448791504,103.44803619384766,76.74154663085938
2021-01-04,125.63249969482422,341.5887451171875,243.2566680908203,32.045230865478516,62.715789794921875,15.406500816345215,26.349912643432617,79.41327667236328,61.28033447265625,57.39961624145508,29.199289321899414,25.70606803894043,103.00119018554688,76.09241485595703
2021-01-05,127.185791015625,343.9413146972656,245.0366668701172,32.76478576660156,62.94220733642578,16.096464157104492,26.46770668029785,80.19444274902344,61.67801284790039,57.39961624145508,29.166276931762695,25.70186424255371,103.74897003173828,76.66040802001953
2021-01-06,122.90450286865234,345.99755859375,251.9933319091797,34.10559844970703,62.640316009521484,16.58755111694336,27.6366024017334,82.10602569580078,60.61433792114258,57.44263458251953,29.02597999572754,26.341144561767578,105.17154693603516,77.44318389892578
2021-01-07,127.09841918945312,351.1383361816406,272.0133361816406,34.3603515625,63.470489501953125,16.831073760986328,28.035293579101562,82.55635833740234,62.2481689453125,57.270572662353516,29.11676025390625,25.99626922607422,106.5394287109375,78.93719482421875
2021-01-08,128.1954345703125,353.13897705078125,293.3399963378906,34.19499206542969,63.66859436035156,16.810771942138672,28.017166137695312,82.35417938232422,62.650630950927734,57.55447006225586,29.43037986755371,26.214975357055664,107.05010986328125,80.56478118896484
2021-01-11,125.21504211425781,350.758544921875,270.39666748046875,34.19499206542969,62.536529541015625,17.074586868286133,28.1077823638916,82.32660675048828,62.13318634033203,57.06410217285156,28.935195922851562,25.971033096313477,107.55167388916016,79.0612564086914
2021-01-12,125.04031372070312,350.8326110839844,283.14666748046875,34.62852096557617,61.52712631225586,17.67120361328125,28.39773941040039,83.14453887939453,61.836116790771484,56.87483215332031,28.959957122802734,25.832239151000977,106.38441467285156,80.26885986328125
2021-01-13,127.06928253173828,351.77734375,284.8033447265625,34.27544403076172,61.744110107421875,17.5332088470459,28.37961769104004,82.42770385742188,62.229007720947266,56.96086502075195,29.356103897094727,26.33694839477539,106.67621612548828,80.26408386230469
2021-01-14,125.14708709716797,350.54541015625,281.6666564941406,34.159236907958984,61.39505386352539,18.052717208862305,28.5064697265625,82.71260833740234,61.68280792236328,56.659751892089844,29.537662506103516,26.23600196838379,106.33881378173828,79.75336456298828
2021-01-15,123.42874908447266,347.989013671875,275.38665771484375,33.672080993652344,61.593177795410156,17.350574493408203,28.035293579101562,81.6373291015625,61.050350189208984,56.46187210083008,29.9915828704834,26.49256134033203,106.66712188720703,79.13763427734375
2021-01-19,124.09862518310547,350.72149658203125,281.51666259765625,33.78827667236328,62.70637893676758,17.699613571166992,28.1077823638916,81.90386962890625,61.84569549560547,56.2123908996582,29.79351043701172,26.391618728637695,107.4696044921875,79.5863037109375
2021-01-20,128.17601013183594,355.5749206542969,283.48333740234375,33.90000915527344,64.67800903320312,17.764554977416992,27.9899845123291,82.40930938720703,63.072269439697266,56.31562423706055,30.41248893737793,26.547237396240234,108.06233978271484,81.08981323242188
2021-01-21,132.8747100830078,355.8990783691406,281.663330078125,33.40391540527344,64.91386413574219,17.163883209228516,27.690967559814453,81.76598358154297,63.88677215576172,56.126365661621094,30.313451766967773,26.391618728637695,107.55167388916016,81.46688842773438
2021-01-22,135.01052856445312,354.639404296875,282.21331787109375,33.24301528930664,64.9421615600586,17.074586868286133,27.491622924804688,81.34325408935547,63.642425537109375,55.9801139831543,30.387727737426758,26.429475784301758,107.23249816894531,81.19005584716797
2021-01-25,138.74810791015625,356.0380859375,293.6000061035156,33.06870651245117,65.31951904296875,16.900066375732422,27.292278289794922,80.79182434082031,64.1742935180664,56.539306640625,30.660083770751953,26.95940399169922,107.93467712402344,81.49075317382812
2021-01-26,138.98114013671875,355.48223876953125,294.36334228515625,32.61283874511719,66.20628356933594,16.538850784301758,27.074806213378906,80.04739379882812,64.21737670898438,57.04689407348633,30.973690032958984,26.690235137939453,107.53341674804688,81.43824768066406
2021-01-27,137.9132537841797,346.79412841796875,288.0533447265625,31.651931762695312,64.06480407714844,16.315624237060547,26.277420043945312,78.4574966430664,63.00520324707031,56.08335876464844,30.577543258666992,25.971033096313477,104.26874542236328,78.92761993408203
2021-01-28,133.08831787109375,349.7766418457031,278.4766540527344,32.19718933105469,64.29122924804688,16.506380081176758,26.766725540161133,79.62464141845703,63.26392364501953,56.298431396484375,30.660083770751953,26.282268524169922,105.79165649414062,79.17584228515625
2021-01-29,128.10806274414062,342.7742919921875,264.510009765625,31.571475982666016,63.093143463134766,15.958468437194824,26.232118606567383,77.90607452392578,61.773834228515625,55.13701248168945,30.338212966918945,26.13926887512207,104.89799499511719,77.32861328125
2021-02-01,130.22442626953125,348.4799499511719,279.9366760253906,31.94243812561035,64.27236938476562,16.072111129760742,26.576440811157227,78.71482849121094,63.3213996887207,55.188636779785156,31.023216247558594,26.26544761657715,105.2992172241211,79.33810424804688
2021-02-02,131.04962158203125,353.4075012207031,290.92999267578125,32.362552642822266,65.25348663330078,16.246633529663086,27.21978759765625,80.38744354248047,64.1790542602539,55.55857467651367,31.155269622802734,26.47994041442871,105.60015869140625,81.02297973632812
2021-02-03,130.0302734375,353.6853942871094,284.89666748046875,32.42512512207031,66.13082122802734,16.940654754638672,27.373821258544922,80.44259643554688,63.958648681640625,55.64460372924805,31.031475067138672,26.395822525024414,104.85238647460938,80.56957244873047
2021-02-04,133.37957763671875,357.7052917480469,283.3299865722656,32.30892562866211,66.52703094482422,17.127349853515625,27.980926513671875,81.30648040771484,64.97919464111328,56.04894256591797,31.204788208007812,26.601911544799805,105.29010009765625,81.42870330810547
2021-02-05,132.9663543701172,359.11309814453125,284.07666015625,32.86311721801758,67.36665344238281,17.273462295532227,27.9899845123291,81.78438568115234,64.83544921875,56.57373046875,31.31206512451172,26.744903564453125,105.48162078857422,82.20672607421875
2021-02-08,133.1121826171875,361.70672607421875,287.8066711425781,33.1357536315918,67.63079071044922,17.995893478393555,28.352436065673828,82.48282623291016,65.51580810546875,56.78880310058594,31.378101348876953,26.538822174072266,105.6092758178711,82.67449188232422
2021-02-09,132.2371368408203,361.46588134765625,283.1533203125,32.88993453979492,67.85720825195312,17.805137634277344,28.361494064331055,82.69422149658203,65.43916320800781,56.737178802490234,31.518396377563477,26.57667350769043,105.7643051147461,82.21627807617188
2021-02-10,131.63433837890625,361.3083190917969,268.2733459472656,32.85418701171875,68.49871063232422,18.146060943603516,28.361494064331055,82.56554412841797,65.34333801269531,56.67695999145508,31.732980728149414,26.681821823120117,105.95584869384766,81.40486145019531
2021-02-11,131.38156127929688,361.8919677734375,270.5533447265625,32.88546371459961,68.57415771484375,17.86602020263672,28.270883560180664,82.39093780517578,66.06202697753906,56.427467346191406,31.675216674804688,26.53041648864746,106.15641784667969,81.18052673339844
2021-02-12,131.6149139404297,363.67950439453125,272.0400085449219,33.22513961791992,68.86661529541016,18.12982749938965,28.560840606689453,82.98831176757812,66.40221405029297,56.51350021362305,31.666954040527344,26.33694839477539,106.94978332519531,81.2950668334961
2021-02-16,129.49539184570312,363.3646240234375,265.40667724609375,33.16256332397461,69.19679260253906,18.584388732910156,29.050146102905273,82.90559387207031,66.18659210205078,56.41026306152344,31.328580856323242,26.04252815246582,105.8919906616211,80.94187927246094
2021-02-17,127.21055603027344,363.4480285644531,266.04998779296875,33.14468765258789,69.39488983154297,18.86037826538086,29.195127487182617,82.67582702636719,65.60205078125,56.61674118041992,31.35334587097168,26.06356430053711,106.27497100830078,81.40962219238281
2021-02-18,126.11190795898438,361.9012145996094,262.4599914550781,32.9390983581543,69.0552978515625,18.434221267700195,29.022960662841797,82.26225280761719,65.28105163574219,56.58232116699219,31.33683204650879,26.219181060791016,105.6092758178711,81.43347930908203
2021-02-19,126.2674560546875,361.2620849609375,260.4333190917969,33.54246139526367,68.37606811523438,18.742679595947266,29.367286682128906,83.61322784423828,65.18522644042969,55.86827087402344,31.43587303161621,25.828033447265625,104.33260345458984,80.9609375
2021-02-22,122.50481414794922,358.4833679199219,238.1666717529297,33.672080993652344,68.10247039794922,19.392057418823242,29.639118194580078,83.87976837158203,63.747840881347656,55.91988754272461,31.6174373626709,25.323333740234375,104.08636474609375,79.25218200683594
2021-02-23,122.36870574951172,358.9186706542969,232.94667053222656,33.78827667236328,68.63076782226562,19.712684631347656,29.820344924926758,84.13706970214844,63.57056427001953,55.997318267822266,31.732980728149414,25.533628463745117,103.91313934326172,78.73191833496094
2021-02-24,121.87284851074219,362.8737487792969,247.33999633789062,34.08325958251953,68.75341033935547,20.410768508911133,30.400264739990234,85.72700500488281,64.54319763183594,55.962921142578125,31.881542205810547,25.235015869140625,104.63353729248047,79.55766296386719
2021-02-25,117.6338119506836,354.12994384765625,227.4066619873047,33.29664993286133,67.25345611572266,20.0170841217041,29.847524642944336,84.14627075195312,62.286502838134766,55.352088928222656,31.361589431762695,25.007898330688477,103.58480834960938,76.59834289550781
2021-02-26,117.89630126953125,352.3053283691406,225.1666717529297,32.8720588684082,67.517578125,19.542232513427734,29.27667999267578,83.273193359375,62.61711120605469,54.45737838745117,30.81689453125,24.545257568359375,102.6911392211914,76.91815948486328
2021-03-01,124.24517822265625,360.8453063964844,239.47666931152344,33.703369140625,69.24396514892578,20.0495548248291,30.191862106323242,85.40534210205078,64.63422393798828,55.007965087890625,30.849903106689453,25.087814331054688,104.03166961669922,78.72234344482422
2021-03-02,121.64922332763672,358.0295104980469,228.81333923339844,33.89106750488281,68.73455047607422,19.939970016479492,30.08312225341797,85.15719604492188,63.6088981628418,54.91332244873047,30.660083770751953,25.012104034423828,103.73072052001953,77.81548309326172
2021-03-03,118.67411041259766,353.287109375,217.73333740234375,33.555870056152344,67.75341796875,20.232192993164062,30.318710327148438,85.24911499023438,62.00861740112305,54.65523910522461,30.28044891357422,24.717700958251953,102.41754913330078,75.98738098144531
2021-03-04,116.79766082763672,348.9152526855469,207.14666748046875,32.903350830078125,67.63079071044922,20.715166091918945,29.974393844604492,83.88895416259766,60.638301849365234,54.45737838745117,30.05760955810547,24.69666862487793,101.04058837890625,74.37886810302734
2021-03-05,118.05184936523438,355.3340759277344,199.31666564941406,33.658668518066406,69.2156753540039,21.490360260009766,30.545236587524414,85.87406158447266,61.783416748046875,55.66179275512695,30.404239654541016,25.100427627563477,103.06503295898438,74.85142517089844
2021-03-08,113.1322250366211,353.56494140625,187.6666717529297,34.11006164550781,68.29114532470703,21.530948638916016,30.93486785888672,86.77471160888672,60.288543701171875,55.90269088745117,30.55278968811035,25.453716278076172,102.80968475341797,74.94208526611328
2021-03-09,117.73103332519531,358.6130676269531,224.52667236328125,34.320133209228516,69.0552978515625,21.15349578857422,30.65397071838379,86.4162826538086,62.33920669555664,55.85106658935547,30.899415969848633,25.79018211364746,103.41154479980469,77.7725601196289
2021-03-10,116.65184020996094,360.8453063964844,222.68666076660156,34.88774490356445,69.34774017333984,21.68922996520996,31.279197692871094,87.6937026977539,62.09004592895508,56.58232116699219,31.204788208007812,25.966829299926758,103.6486587524414,78.16869354248047
2021-03-11,118.57689666748047,364.50396728515625,233.1999969482422,35.07544708251953,70.65904235839844,21.69735336303711,31.18858528137207,87.75804901123047,63.41722869873047,56.44468307495117,31.666954040527344,25.899539947509766,104.27787780761719,79.36674499511719
2021-03-12,117.67268371582031,364.99481201171875,231.2433319091797,35.169307708740234,70.4609146118164,21.741992950439453,31.50572395324707,88.93443298339844,62.96207046508789,56.90925216674805,32.21166229248047,26.248620986938477,104.505859375,79.60063171386719
2021-03-15,120.55058288574219,367.17144775390625,235.97999572753906,35.20952224731445,70.9609146118164,21.494413375854492,31.324504852294922,89.67882537841797,63.632850646972656,57.15874099731445,32.574790954589844,26.585084915161133,105.22628784179688,80.66978454589844
2021-03-16,122.08674621582031,366.7083740234375,225.6266632080078,34.91902542114258,71.7061996459961,20.88157081604004,30.9982967376709,88.40137481689453,64.11197662353516,57.227561950683594,32.574790954589844,26.618738174438477,105.16242218017578,79.83451843261719
2021-03-17,121.29922485351562,367.95880126953125,233.93666076660156,35.23187255859375,71.71561431884766,21.043912887573242,31.206701278686523,89.42152404785156,64.05927276611328,57.14152145385742,32.52527618408203,26.185531616210938,104.77943420410156,80.95618438720703
2021-03-18,117.18656921386719,362.60504150390625,217.72000122070312,35.03522491455078,70.5269546508789,20.098255157470703,31.36981964111328,89.33879852294922,62.281707763671875,56.90925216674805,32.31895065307617,26.08879852294922,104.56060028076172,78.97537231445312
2021-03-19,116.66153717041016,361.93426513671875,218.2899932861328,34.86091995239258,71.1401596069336,20.102312088012695,31.007362365722656,88.6587142944336,62.0948486328125,57.10710525512695,31.889785766601562,26.160297393798828,104.93446350097656,79.44788360595703
2021-03-22,119.96723937988281,364.8241882324219,223.3333282470703,34.88247299194336,71.73837280273438,19.90953826904297,30.60781478881836,88.60891723632812,63.315826416015625,57.70998764038086,32.241546630859375,26.122589111328125,105.84771728515625,79.97088623046875
2021-03-23,119.14080047607422,361.95281982421875,220.72000122070312,34.155372619628906,71.20915222167969,19.618318557739258,30.180049896240234,87.0602035522461,62.92213439941406,57.95218276977539,32.34157180786133,26.51241683959961,104.77706146240234,79.22032165527344
2021-03-24,116.7587661743164,360.11279296875,210.08999633789062,34.40222930908203,69.41356658935547,20.110515594482422,30.289268493652344,87.69627380371094,62.15871047973633,57.7272834777832,32.199867248535156,26.520885467529297,104.65809631347656,78.049072265625
2021-03-25,117.24488830566406,362.13861083984375,213.4633331298828,34.90041732788086,69.07333374023438,20.184350967407227,30.798934936523438,89.09750366210938,62.120304107666016,58.28951644897461,32.474937438964844,26.804784774780273,105.09733581542969,78.7326889038086
2021-03-26,117.84768676757812,367.9744873046875,206.23666381835938,35.76665115356445,68.31729125976562,20.68475341796875,31.281314849853516,90.63702392578125,63.699947357177734,59.318817138671875,33.26679992675781,26.89376449584961,107.08309173583984,79.38763427734375
2021-03-29,118.02271270751953,367.7886047363281,203.76333618164062,35.64546203613281,69.01664733886719,20.43865394592285,31.008275985717773,90.65546417236328,63.36865234375,59.91563034057617,33.191776275634766,27.181894302368164,107.58638000488281,78.95260620117188
2021-03-30,116.57403564453125,366.8128967285156,211.8733367919922,35.542232513427734,69.01664733886719,20.26228141784668,31.22670555114746,91.05184936523438,62.76848602294922,59.27557373046875,33.05007553100586,26.936134338378906,106.61638641357422,79.72708129882812
2021-03-31,118.7616195678711,368.29974365234375,222.64332580566406,35.36719512939453,69.29069519042969,20.122821807861328,30.990066528320312,90.75685119628906,63.767181396484375,59.085269927978516,32.91671371459961,27.135286331176758,106.82684326171875,80.34855651855469
2021-04-01,119.5880355834961,372.27703857421875,220.5833282470703,35.67687225341797,70.4814453125,20.63553237915039,31.37232208251953,91.06108093261719,65.04914855957031,58.79983139038086,33.44184494018555,27.109861373901367,106.50657653808594,80.99394989013672
2021-04-05,122.40760803222656,377.62030029296875,230.35000610351562,36.11672592163086,71.96519470214844,20.14333152770996,31.618061065673828,92.18574523925781,66.39351654052734,59.5523567199707,33.61689376831055,27.40647315979004,107.24779510498047,82.83451080322266
2021-04-06,122.70899200439453,377.3973083496094,230.5399932861328,36.197505950927734,72.1447525024414,20.090003967285156,31.554346084594727,91.96449279785156,66.11024475097656,59.80318832397461,33.70024871826172,27.550540924072266,106.83602142333984,83.19305419921875
2021-04-07,124.35211944580078,377.8341369628906,223.6566619873047,35.57364273071289,72.70232391357422,20.159738540649414,31.709077835083008,91.5404281616211,66.46073913574219,59.656150817871094,33.74192428588867,27.516645431518555,106.59807586669922,82.94446563720703
2021-04-08,126.74388122558594,379.6275939941406,227.93333435058594,35.6185302734375,72.71177673339844,19.897232055664062,31.718164443969727,91.76168060302734,67.4210205078125,59.71669387817383,33.575218200683594,27.49545669555664,106.7627944946289,83.33647155761719
2021-04-09,129.3106231689453,382.3875427246094,225.67333984375,35.92820739746094,72.69286346435547,19.765975952148438,31.991209030151367,92.65589141845703,68.06922912597656,59.612892150878906,33.62522888183594,27.465787887573242,107.9341049194336,84.13006591796875
2021-04-12,127.59947967529297,382.5269775390625,233.9933319091797,36.05388259887695,72.39989471435547,19.6101131439209,32.12773513793945,92.99697875976562,67.74271392822266,59.93292999267578,33.825294494628906,27.491214752197266,108.0439224243164,84.67027282714844
2021-04-13,130.70098876953125,383.66058349609375,254.10667419433594,35.96860885620117,72.4944076538086,19.63062286376953,31.8273983001709,92.54525756835938,68.38128662109375,59.612892150878906,34.025333404541016,27.81748390197754,108.4923095703125,85.56425476074219
2021-04-14,128.36756896972656,382.3503112792969,244.07666015625,36.22892379760742,71.74781799316406,20.176145553588867,32.01852035522461,92.66510772705078,67.6562728881836,59.56100082397461,33.81694793701172,27.94036102294922,108.483154296875,84.7228775024414
2021-04-15,130.76904296875,386.45782470703125,246.28334045410156,36.655311584472656,72.66449737548828,20.01207733154297,31.991209030151367,93.03385925292969,68.8182373046875,60.03672790527344,34.458778381347656,28.24968147277832,110.34075927734375,85.33000946044922
2021-04-16,130.43846130371094,387.7494201660156,246.5933380126953,37.09964370727539,72.61725616455078,19.852115631103516,32.218746185302734,93.2366714477539,68.80380249023438,60.382694244384766,34.5087890625,28.478496551513672,111.16436004638672,85.98974609375
2021-04-19,131.09959411621094,385.844482421875,238.2100067138672,36.92909240722656,72.21090698242188,19.831600189208984,32.12773513793945,92.8494873046875,68.23246002197266,60.149169921875,34.61714553833008,28.33442497253418,111.19182586669922,85.02405548095703
2021-04-20,129.41758728027344,383.0194396972656,239.663330078125,36.57452392578125,71.82342529296875,19.30659294128418,31.52704620361328,91.82620239257812,67.62747192382812,60.47785568237305,35.00057601928711,28.694591522216797,111.62189483642578,83.95317077636719
2021-04-21,129.79676818847656,386.64361572265625,248.0399932861328,37.23877716064453,71.94628143310547,19.55268669128418,31.96390151977539,93.07994842529297,68.30928039550781,60.780574798583984,35.158958435058594,28.453065872192383,112.93961334228516,85.07183837890625
2021-04-22,128.28004455566406,383.1123962402344,239.89666748046875,36.610416412353516,71.41706085205078,19.322996139526367,31.60896110534668,92.60978698730469,67.5074462890625,60.33079528808594,35.00891876220703,28.24968147277832,112.4363021850586,84.13006591796875
2021-04-23,130.59402465820312,387.2662658691406,243.13333129882812,37.21184539794922,72.24868774414062,19.49936866760254,32.2005500793457,93.62383270263672,68.5157241821289,60.17511749267578,35.20896530151367,28.211545944213867,113.17755126953125,85.00970458984375
2021-04-26,130.98294067382812,388.07470703125,246.06666564941406,37.43177032470703,72.39989471435547,19.63062286376953,32.327972412109375,93.34728240966797,68.8662338256836,59.50044631958008,35.28398895263672,28.05052375793457,112.79320526123047,85.38259887695312
2021-04-27,130.66207885742188,387.9910583496094,234.913330078125,37.33304214477539,72.10694885253906,19.86851692199707,32.582801818847656,94.12163543701172,68.69820404052734,59.457210540771484,35.28398895263672,27.834434509277344,112.14350891113281,85.28221893310547
2021-04-28,129.8745574951172,387.8795166015625,231.46665954589844,37.43626022338867,72.7684555053711,20.553497314453125,32.710227966308594,93.92804718017578,68.05960083007812,59.50044631958008,35.158958435058594,27.796295166015625,111.8049087524414,85.18179321289062
2021-04-29,129.77734375,390.3514404296875,225.6666717529297,37.66965103149414,74.78141021728516,20.783193588256836,33.29270935058594,94.59178161621094,68.00198364257812,60.13186264038086,35.41735076904297,28.05052375793457,111.35652160644531,85.20571899414062
2021-04-30,127.8133773803711,387.7866516113281,236.47999572753906,37.270198822021484,73.76075744628906,20.2581787109375,33.00146484375,93.96493530273438,67.07532501220703,60.18376922607422,35.65073776245117,28.270862579345703,111.02708435058594,85.53556060791016
2021-05-03,128.86341857910156,388.623046875,228.3000030517578,37.82672882080078,73.37330627441406,20.816007614135742,33.165283203125,94.93286895751953,66.8880844116211,60.676795959472656,35.45903015136719,28.26663589477539,112.28990173339844,85.12924194335938
2021-05-04,124.30349731445312,386.2254333496094,224.53334045410156,38.239654541015625,72.71177673339844,20.828311920166016,33.42921829223633,95.34771728515625,65.68772888183594,60.365413665771484,35.2423095703125,28.160694122314453,112.40885162353516,84.24002075195312
2021-05-05,124.54656982421875,386.3462829589844,223.64666748046875,38.724388122558594,72.56999969482422,21.500986099243164,33.70226287841797,95.43988037109375,65.52928161621094,60.32217788696289,34.72550964355469,27.686124801635742,112.61016845703125,83.97706604003906
2021-05-06,126.14108276367188,389.4314880371094,221.17999267578125,39.05201721191406,73.4205551147461,21.611730575561523,34.202850341796875,96.10363006591797,66.18707275390625,61.100624084472656,34.8922233581543,27.897991180419922,112.75658416748047,84.15873718261719
2021-05-07,126.81310272216797,392.2656555175781,224.1233367919922,39.43800735473633,73.97811126708984,21.997289657592773,34.38487243652344,97.11766815185547,66.75363159179688,61.100624084472656,35.317325592041016,27.982738494873047,113.53440856933594,84.91407012939453
2021-05-10,123.54074096679688,388.3813781738281,209.67999267578125,39.26296615600586,72.560546875,22.005491256713867,34.3575553894043,97.20986938476562,65.06832122802734,61.56769943237305,35.47569274902344,28.26663589477539,113.68083953857422,83.40338134765625
2021-05-11,122.62527465820312,384.9151611328125,205.73333740234375,39.39311981201172,72.3526611328125,21.439464569091797,33.747779846191406,95.77176666259766,64.87149810791016,61.03142547607422,35.05892562866211,27.91918182373047,112.45460510253906,82.46160125732422
2021-05-12,119.5671615600586,376.73760986328125,196.6300048828125,38.401222229003906,70.9350814819336,21.542003631591797,33.40192413330078,93.47634887695312,63.04695129394531,60.218387603759766,34.208717346191406,27.26664161682129,111.39311218261719,79.6697006225586
2021-05-13,121.70977020263672,381.2630615234375,190.56333923339844,38.98919677734375,71.4454116821289,21.279495239257812,33.93891143798828,95.22786712646484,63.882408142089844,61.0660285949707,34.64215850830078,27.792062759399414,112.39971160888672,80.23382568359375
2021-05-14,124.12508392333984,387.11749267578125,196.5800018310547,39.45596694946289,72.853515625,21.939863204956055,34.47588348388672,96.546142578125,65.28922271728516,61.334171295166016,34.96723556518555,27.92765235900879,112.9670639038086,81.62500762939453
2021-05-17,122.97586059570312,386.13250732421875,192.27667236328125,39.80154800415039,72.27703094482422,22.44847297668457,34.539588928222656,96.25112915039062,64.80906677246094,61.24766159057617,34.983909606933594,27.69884490966797,112.75658416748047,81.476806640625
2021-05-18,121.59290313720703,382.8056945800781,192.6233367919922,39.3617057800293,71.5398941040039,21.92756462097168,34.057220458984375,94.84991455078125,64.29052734375,61.057376861572266,35.05059051513672,27.694604873657227,112.79320526123047,80.84098815917969
2021-05-19,121.43708038330078,381.80206298828125,187.82000732421875,38.76028823852539,71.65331268310547,21.382034301757812,33.847896575927734,94.31523895263672,64.51618194580078,60.85844421386719,34.9172248840332,27.647991180419922,112.60104370117188,80.16212463378906
2021-05-20,123.98873138427734,385.909423828125,195.5933380126953,38.78273391723633,72.88187408447266,21.349224090576172,33.86610412597656,94.5272445678711,65.75013732910156,61.420658111572266,35.35066604614258,27.889516830444336,113.78146362304688,80.98438262939453
2021-05-21,122.15778350830078,385.5935974121094,193.6266632080078,38.86800003051758,72.63616943359375,21.394344329833984,34.202850341796875,94.98818969726562,65.3900375366211,61.42930603027344,35.29232406616211,28.033586502075195,113.79979705810547,80.57804870605469
2021-05-24,123.78421020507812,389.5244140625,202.14666748046875,39.213600158691406,73.959228515625,21.60763168334961,34.366661071777344,95.57817077636719,66.5519790649414,61.61094284057617,35.675750732421875,27.982738494873047,113.90961456298828,81.37639617919922
2021-05-25,123.58943176269531,388.66021728515625,201.56333923339844,38.88146209716797,73.94033813476562,21.168750762939453,34.02082061767578,95.29239654541016,66.57117462158203,61.628257751464844,35.77577209472656,27.643762588500977,113.5710220336914,81.6345443725586
2021-05-26,123.54074096679688,389.4314880371094,206.3766632080078,38.89494323730469,74.42229461669922,21.3574275970459,34.120933532714844,95.59660339355469,66.56639099121094,61.498504638671875,35.859130859375,27.647991180419922,112.91214752197266,82.413818359375
2021-05-27,122.01166534423828,389.6358642578125,210.28334045410156,39.204620361328125,74.70580291748047,21.37383460998535,34.51228332519531,96.90565490722656,66.21586608886719,61.117923736572266,35.81745529174805,27.46155548095703,112.66507720947266,82.74365997314453
2021-05-28,121.35916900634766,390.3327941894531,208.4066619873047,39.16422653198242,74.46011352539062,21.414852142333984,34.57600021362305,96.90565490722656,66.45112609863281,61.24766159057617,36.059173583984375,27.609859466552734,113.10431671142578,82.6289291381836
2021-06-01,121.03775787353516,389.9890441894531,207.96665954589844,39.711788177490234,74.50733947753906,22.239288330078125,34.78532028198242,97.28360748291016,66.12462615966797,61.04008865356445,36.67601013183594,27.440370559692383,111.24669647216797,82.4711685180664
2021-06-02,121.79743957519531,390.6024169921875,201.7066650390625,39.379669189453125,74.28053283691406,22.6535587310791,34.839935302734375,97.0070571899414,66.58077239990234,61.26497268676758,37.18446731567383,27.58443260192871,111.02708435058594,82.0887222290039
2021-06-03,120.31709289550781,389.1527099609375,190.94667053222656,39.37068176269531,73.77965545654297,22.7150821685791,34.921836853027344,96.7950210571289,65.96141052246094,61.64552688598633,37.10944366455078,27.749691009521484,111.36566162109375,81.11345672607422
2021-06-04,122.60576629638672,392.7117614746094,199.68333435058594,39.45596694946289,74.838134765625,22.866849899291992,35.01286315917969,97.10845184326172,67.2289810180664,61.861778259277344,37.14278793334961,27.707317352294922,111.72254180908203,81.76363372802734
2021-06-07,122.61551666259766,392.33074951171875,201.7100067138672,38.97571563720703,75.22559356689453,22.76840591430664,34.78532028198242,96.43549346923828,67.21455383300781,61.75800323486328,37.49287796020508,27.758161544799805,112.12519836425781,81.76363372802734
2021-06-08,123.43359375,392.41448974609375,201.19667053222656,39.04753875732422,75.00823211669922,22.96528434753418,34.69431686401367,96.68440246582031,67.2193603515625,61.23903274536133,37.692935943603516,27.520872116088867,111.77745056152344,82.4233627319336
2021-06-09,123.81340789794922,391.8289489746094,199.5933380126953,38.74232864379883,74.93260955810547,22.821725845336914,34.366661071777344,95.69801330566406,67.26738739013672,60.94493103027344,37.73460388183594,27.766637802124023,112.85723114013672,81.96920776367188
2021-06-10,122.8200454711914,393.6504211425781,203.3733367919922,38.508949279785156,75.33900451660156,22.793012619018555,33.96620178222656,95.22786712646484,67.76192474365234,61.32551193237305,38.1180419921875,27.948837280273438,114.78807830810547,82.35646057128906
2021-06-11,124.02767944335938,394.3008728027344,203.29666137695312,38.65256881713867,75.4240493774414,22.7150821685791,34.184635162353516,95.42145538330078,68.16522979736328,61.360111236572266,37.87630844116211,28.01239585876465,113.97367095947266,82.80583190917969
2021-06-14,127.07604217529297,395.1836853027344,205.89666748046875,38.176815032958984,75.92493438720703,22.616640090942383,33.829681396484375,94.98818969726562,68.85664367675781,61.32551193237305,38.0930290222168,28.071714401245117,114.07431030273438,82.82971954345703
2021-06-15,126.25797271728516,394.4588317871094,199.7866668701172,38.09602737426758,75.49019622802734,23.047321319580078,33.893402099609375,95.3938217163086,68.43412780761719,61.1784782409668,37.742942810058594,28.156465530395508,114.11092376708984,82.38990783691406
2021-06-16,126.754638671875,392.2564392089844,201.6233367919922,37.67414474487305,74.82866668701172,22.924266815185547,33.85699462890625,94.49039459228516,68.06439208984375,60.365413665771484,37.40119171142578,27.732736587524414,113.67167663574219,82.42814636230469
2021-06-17,128.35186767578125,392.1263122558594,205.53334045410156,36.834835052490234,75.14054107666016,22.144948959350586,32.85584259033203,93.03385925292969,68.85183715820312,60.581642150878906,37.54290008544922,27.885272979736328,114.54100036621094,82.73889923095703
2021-06-18,127.05657196044922,386.8364562988281,207.77000427246094,36.23790740966797,74.26165008544922,21.48868179321289,32.06401443481445,91.82620239257812,68.22284698486328,59.50910186767578,36.951072692871094,27.160707473754883,113.23243713378906,82.30384826660156
2021-06-21,128.8485870361328,392.37432861328125,206.94332885742188,36.990234375,74.98210906982422,22.404417037963867,32.812374114990234,93.8459243774414,68.95401763916016,60.19164276123047,37.685142517089844,27.512569427490234,114.59296417236328,82.9382095336914
2021-06-22,130.48471069335938,394.4720458984375,207.90333557128906,37.13899612426758,75.62590026855469,22.553586959838867,32.86720275878906,93.9476547241211,69.57931518554688,60.27869415283203,37.517356872558594,27.346036911010742,114.84099578857422,83.71863555908203
2021-06-23,130.2120361328125,393.99658203125,218.85667419433594,36.900089263916016,75.55015563964844,22.61574363708496,32.9311637878418,93.73494720458984,69.50234985351562,59.90433883666992,37.39990997314453,27.055665969848633,114.36332702636719,84.36497497558594
2021-06-24,129.92959594726562,396.3274230957031,226.60667419433594,37.01728820800781,76.2602310180664,22.810489654541016,33.342350006103516,94.46550750732422,69.9400863647461,60.20033264160156,37.223731994628906,27.03004264831543,114.95121002197266,84.6522445678711
2021-06-25,129.63743591308594,397.7351379394531,223.9566650390625,37.02179718017578,76.35489654541016,22.930652618408203,33.74439239501953,94.65047454833984,69.85831451416016,60.661746978759766,37.4921875,27.320411682128906,115.47486877441406,85.1884536743164
2021-06-28,131.26385498046875,398.5369567871094,229.57333374023438,37.02179718017578,77.21642303466797,22.155797958374023,33.49768829345703,94.15108489990234,70.5894775390625,60.71398162841797,37.50897216796875,27.49549102783203,115.6494140625,85.20760345458984
2021-06-29,132.77345275878906,398.7513732910156,226.9199981689453,37.00376510620117,76.79985809326172,22.04806900024414,33.37889099121094,93.96612548828125,71.10415649414062,60.44409942626953,37.48380661010742,27.0513916015625,115.77803039550781,85.41829681396484
2021-06-30,133.386962890625,399.0870666503906,226.56666564941406,37.10293197631836,76.6578369140625,22.321544647216797,33.52509307861328,94.69670104980469,71.02717590332031,60.914222717285156,37.1901741027832,27.000152587890625,115.70452880859375,85.48532104492188
2021-07-01,133.68890380859375,401.29656982421875,225.97332763671875,37.305789947509766,77.22588348388672,22.71103858947754,33.79008483886719,95.37178039550781,71.1474380493164,60.731407165527344,37.341190338134766,27.2947940826416,116.73341369628906,85.96885681152344
2021-07-02,136.30874633789062,404.3639221191406,226.3000030517578,37.359867095947266,77.76554107666016,22.661314010620117,33.7535285949707,95.51976776123047,72.08541870117188,60.87937927246094,37.517356872558594,27.337491989135742,117.85417938232422,86.725341796875
2021-07-06,138.31497192382812,403.6274108886719,219.86000061035156,36.80542755126953,77.576171875,21.92375946044922,33.22356414794922,94.60424041748047,72.35961151123047,60.62691116333008,37.852935791015625,27.452791213989258,117.74394226074219,86.82587432861328
2021-07-07,140.79849243164062,405.0538635253906,214.88333129882812,37.18857955932617,77.46258544921875,21.567407608032227,33.269248962402344,95.5474853515625,72.75404357910156,60.94902420043945,38.04589080810547,27.63213348388672,118.48806762695312,86.77801513671875
2021-07-08,139.50315856933594,401.75347900390625,217.60333251953125,36.683712005615234,76.61051177978516,21.443098068237305,32.60221862792969,94.2158203125,72.06620025634766,60.72267532348633,38.012332916259766,27.551002502441406,117.83580017089844,86.56255340576172
2021-07-09,141.3243408203125,406.0420837402344,218.98333740234375,37.40495300292969,77.29216766357422,21.898897171020508,33.543373107910156,95.70471954345703,72.7300033569336,61.070919036865234,38.51570510864258,27.585159301757812,118.24003601074219,87.37168884277344
2021-07-12,140.7302703857422,407.4964599609375,228.56666564941406,37.526649475097656,77.8412857055664,21.86574935913086,33.872318267822266,95.83415985107422,72.78773498535156,60.97514724731445,38.85127639770508,27.674835205078125,118.46968841552734,87.97014617919922
2021-07-13,141.84054565429688,406.1072692871094,222.84666442871094,37.18406295776367,77.6424789428711,21.700002670288086,33.5068244934082,94.90941619873047,73.0859375,60.957740783691406,38.34791564941406,27.465599060058594,118.35945129394531,86.91683959960938
2021-07-14,145.2589569091797,406.71331787109375,217.7933349609375,37.10743713378906,77.58566284179688,21.053604125976562,33.35147476196289,94.9001693725586,73.62467193603516,61.497501373291016,38.68349075317383,27.704723358154297,118.24920654296875,86.75886535644531
2021-07-15,144.60646057128906,405.32427978515625,216.86666870117188,37.11194610595703,77.03656005859375,20.7594051361084,33.46113204956055,95.08511352539062,73.01860046386719,61.74996566772461,38.74221420288086,28.016450881958008,117.83580017089844,86.2896728515625
2021-07-16,142.57098388671875,402.1449890136719,214.74000549316406,36.55299377441406,76.55370330810547,20.171018600463867,33.00425720214844,94.24356842041016,72.29708099365234,61.84571838378906,38.78415298461914,28.298276901245117,118.15733337402344,85.22677612304688
2021-07-19,138.7337188720703,396.20623779296875,215.4066619873047,35.768646240234375,75.38919067382812,19.45832061767578,32.08139419555664,92.2737808227539,71.30135345458984,61.66292190551758,38.18012237548828,27.849912643432617,116.91715240478516,84.25007629394531
2021-07-20,142.3372344970703,401.88397216796875,220.1666717529297,36.17435836791992,76.24127197265625,19.719364166259766,32.8763542175293,94.85392761230469,72.35961151123047,61.680320739746094,38.8680534362793,27.969478607177734,118.34107208251953,85.80608367919922
2021-07-21,141.60679626464844,405.1377258300781,218.42999267578125,36.57102584838867,76.87559509277344,20.407203674316406,33.44285583496094,95.76019287109375,73.05709075927734,61.523616790771484,38.75060272216797,27.662023544311523,118.53398132324219,86.59607696533203
2021-07-22,142.97030639648438,405.98614501953125,216.4199981689453,36.584556579589844,77.14069366455078,20.179306030273438,33.07736587524414,95.40878295898438,73.59584045410156,61.419151306152344,38.47374725341797,27.704723358154297,119.40670776367188,86.96951293945312
2021-07-23,144.6843719482422,410.162841796875,214.4600067138672,36.84149169921875,79.0531234741211,20.104721069335938,33.1321907043457,95.81568145751953,74.32698822021484,62.159141540527344,38.826114654541016,28.059152603149414,120.78468322753906,87.74514770507812
2021-07-26,145.1031494140625,411.1698303222656,219.2066650390625,37.15252685546875,79.4602279663086,20.601957321166992,33.32406997680664,95.76945495605469,74.28849029541016,62.26359558105469,38.826114654541016,28.06769561767578,120.00384521484375,88.39625549316406
2021-07-27,142.9410858154297,409.2958679199219,214.92666625976562,37.202110290527344,78.51347351074219,20.41135025024414,33.31493377685547,95.24231719970703,73.58619689941406,62.394203186035156,39.136512756347656,28.550214767456055,120.56423950195312,87.50096130371094
2021-07-28,141.19773864746094,409.1280212402344,215.66000366210938,37.3102912902832,79.12885284423828,20.597806930541992,33.269248962402344,95.02035522460938,73.49481964111328,61.84571838378906,38.90161895751953,28.33244514465332,120.9959945678711,87.2184829711914
2021-07-29,141.84054565429688,410.8248291015625,225.78334045410156,37.720497131347656,78.27677154541016,20.796701431274414,33.634742736816406,95.76945495605469,73.83636474609375,62.15043258666992,38.78415298461914,28.409305572509766,121.28995513916016,88.19996643066406
2021-07-30,142.0548095703125,408.8297424316406,229.06666564941406,37.873756408691406,78.0116958618164,20.465213775634766,33.36976623535156,95.58450317382812,73.78822326660156,62.254920959472656,38.910011291503906,28.170177459716797,121.40019989013672,86.38541412353516
2021-08-02,141.72366333007812,407.9720458984375,236.55667114257812,37.413970947265625,77.83179473876953,20.31189727783203,33.37889099121094,94.92790985107422,73.52367401123047,61.99372100830078,38.92677307128906,28.387954711914062,121.56556701660156,86.63435363769531
2021-08-03,143.5156707763672,411.2911071777344,236.5800018310547,37.8016357421875,77.48151397705078,20.65996551513672,33.7535285949707,96.1670913696289,73.99507141113281,62.27230453491211,39.086177825927734,28.550214767456055,123.25587463378906,87.27593231201172
2021-08-04,143.11636352539062,409.2679443359375,236.97332763671875,37.44100570678711,77.69929504394531,20.10057830810547,33.47027587890625,94.86317443847656,74.14418029785156,61.462684631347656,38.96033477783203,28.50751495361328,122.73225402832031,86.42850494384766
2021-08-05,143.22349548339844,411.8597717285156,238.2100067138672,37.38692855834961,78.40930938720703,20.328475952148438,33.90886306762695,95.30705261230469,74.55305480957031,61.75868225097656,39.27074432373047,28.819232940673828,122.22699737548828,87.25678253173828
2021-08-06,142.540771484375,412.5403747558594,233.03334045410156,37.9278450012207,78.40930938720703,20.51494026184082,34.594173431396484,95.7509536743164,74.49051666259766,61.75868225097656,39.20362091064453,28.802156448364258,122.12594604492188,86.6631088256836
2021-08-09,142.49195861816406,412.2046813964844,237.9199981689453,37.88276672363281,78.26731872558594,20.224885940551758,34.68553924560547,95.37178039550781,74.25000762939453,61.985015869140625,39.02745819091797,28.793617248535156,122.59442901611328,86.54340362548828
2021-08-10,142.01402282714844,412.717529296875,236.663330078125,38.45524978637695,78.41876983642578,20.581235885620117,35.05104064941406,96.34281158447266,73.716064453125,62.42902755737305,38.60799026489258,28.823511123657227,122.30965423583984,86.88331604003906
2021-08-11,142.2676544189453,413.7430114746094,235.94000244140625,38.996177673339844,78.57025909423828,20.742834091186523,35.453086853027344,97.59125518798828,73.72572326660156,62.63796615600586,38.817718505859375,29.092529296875,121.09705352783203,87.13709259033203
2021-08-12,145.22303771972656,414.9830322265625,240.75,38.933074951171875,78.7122802734375,20.72212028503418,35.51704025268555,97.40628814697266,74.14900207519531,62.603153228759766,38.95194625854492,29.122413635253906,122.05244445800781,87.1753921508789
2021-08-13,145.42782592773438,415.7381896972656,239.05667114257812,38.9691276550293,78.75962829589844,20.47764015197754,35.2520637512207,97.10111999511719,74.55305480957031,63.12548065185547,39.21202087402344,29.327381134033203,122.81490325927734,86.92642211914062
2021-08-16,147.39808654785156,416.7171325683594,228.72332763671875,38.77529525756836,78.89215087890625,20.10057830810547,35.16069793701172,97.43402862548828,74.8897705078125,63.491127014160156,39.25396728515625,29.506732940673828,124.21128845214844,86.52426147460938
2021-08-17,146.49095153808594,413.9853820800781,221.90333557128906,38.32902908325195,78.23889923095703,19.89339828491211,34.913978576660156,96.37979125976562,74.2692642211914,63.52593231201172,39.3294677734375,29.5238094329834,125.68110656738281,84.47032165527344
2021-08-18,142.75535583496094,409.4543762207031,229.663330078125,37.88276672363281,77.6424789428711,19.479036331176758,34.48452377319336,95.3255615234375,73.24468231201172,62.73371124267578,38.918392181396484,29.374357223510742,123.77029418945312,84.77192687988281
2021-08-19,143.0869598388672,410.0883483886719,224.49000549316406,37.54469299316406,77.65192413330078,18.973520278930664,34.228675842285156,94.65971374511719,73.9614028930664,63.23863220214844,39.24556350708008,29.493915557861328,124.33071899414062,84.23091888427734
2021-08-20,144.5402069091797,413.35150146484375,226.75332641601562,37.765560150146484,78.32413482666016,19.014957427978516,34.43883514404297,94.90941619873047,74.913818359375,63.343109130859375,39.43014907836914,29.861154556274414,125.0380630493164,85.0400390625
2021-08-23,146.0228271484375,416.98748779296875,235.43333435058594,38.09012222290039,79.2708740234375,19.72765350341797,34.72208786010742,95.68621826171875,75.88066864013672,63.142887115478516,39.279136657714844,29.476837158203125,125.08399200439453,86.13645935058594
2021-08-24,145.93502807617188,417.6494140625,236.163330078125,38.32902908325195,79.52647399902344,20.05499839782715,34.9322624206543,96.1670913696289,75.7940902709961,62.6640625,38.985504150390625,29.28468894958496,124.64303588867188,86.74446868896484
2021-08-25,144.70603942871094,418.5258483886719,237.06666564941406,38.504825592041016,79.6495590209961,20.20831298828125,35.34345245361328,96.78668212890625,75.75080108642578,62.55959701538086,38.943546295166016,29.340192794799805,124.30314636230469,87.07962036132812
2021-08-26,143.90628051757812,416.05511474609375,233.72000122070312,38.23888397216797,78.95844268798828,19.901683807373047,35.16983413696289,96.36129760742188,75.27457427978516,62.27230453491211,38.96872329711914,29.267602920532227,123.81623840332031,86.27527618408203
2021-08-27,144.9401397705078,419.77508544921875,237.30667114257812,38.743736267089844,80.20813751220703,20.432064056396484,35.635826110839844,97.02713775634766,76.00092315673828,62.48994827270508,39.28752136230469,29.25905990600586,123.67845916748047,87.06049346923828
2021-08-30,149.34884643554688,421.6210632324219,243.6366729736328,38.70316696166992,80.75724792480469,20.191734313964844,35.13327407836914,96.91615295410156,76.81864166259766,62.76853561401367,39.76572036743164,29.3017635345459,124.37663269042969,87.71641540527344
2021-08-31,148.090576171875,420.99639892578125,245.24000549316406,38.59048080444336,81.06021118164062,20.05499839782715,35.08758544921875,96.64796447753906,76.41458892822266,62.9078369140625,40.0006217956543,29.267602920532227,124.21128845214844,87.92705535888672
2021-09-01,148.7538299560547,421.2201843261719,244.69667053222656,38.491302490234375,81.46728515625,19.76080322265625,34.88657760620117,96.278076171875,76.43383026123047,63.23863220214844,40.68854522705078,29.651918411254883,124.24799346923828,87.9222640991211
2021-09-02,149.86572265625,422.5160827636719,244.1300048828125,38.73923110961914,80.91819763183594,20.262176513671875,35.00535202026367,97.31382751464844,76.3520736694336,63.48240661621094,40.88150405883789,29.92093849182129,125.58006286621094,87.91748809814453
2021-09-03,150.49974060058594,422.4134826660156,244.52333068847656,38.4822883605957,80.91819763183594,20.146160125732422,34.786048889160156,96.72196197509766,76.65512084960938,63.40407180786133,40.88150405883789,29.673267364501953,125.71786499023438,87.86482238769531
2021-09-07,152.8309326171875,420.90313720703125,250.97332763671875,38.229862213134766,81.1075210571289,20.0259952545166,34.575889587402344,95.04814147949219,76.67434692382812,62.67277526855469,40.42848205566406,29.280412673950195,124.98295593261719,88.12337493896484
2021-09-08,151.28981018066406,420.39031982421875,251.2899932861328,37.8647346496582,80.69099426269531,19.769092559814453,34.49365234375,95.17759704589844,76.38094329833984,63.212528228759766,40.67177200317383,29.805646896362305,124.92784881591797,88.22389221191406
2021-09-09,150.2754669189453,418.5910949707031,251.6199951171875,37.87825393676758,80.29335021972656,19.81052589416504,34.594173431396484,94.71520233154297,76.09231567382812,62.84690475463867,39.80766296386719,29.64337921142578,123.48554992675781,88.10899353027344
2021-09-10,145.301025390625,415.29071044921875,245.42333984375,37.86924362182617,79.77262115478516,19.8022403717041,34.33833312988281,94.28980255126953,75.34193420410156,62.576995849609375,39.30430603027344,29.229167938232422,122.35560607910156,87.5679702758789
2021-09-13,145.8667755126953,416.3534851074219,247.6666717529297,37.8602294921875,79.97144317626953,20.369911193847656,34.73123550415039,94.53951263427734,75.36598205566406,62.73371124267578,39.52242660522461,29.17792320251465,121.60231018066406,87.78343963623047
2021-09-14,144.47193908691406,414.1065979003906,248.163330078125,37.445518493652344,79.28031921386719,20.075714111328125,34.26522445678711,93.40200805664062,75.26978302001953,62.4464225769043,39.43853759765625,29.079721450805664,121.58393859863281,87.49137878417969
2021-09-15,145.35958862304688,417.5654602050781,251.94332885742188,37.84219741821289,79.66851043701172,20.825706481933594,34.594173431396484,94.42852020263672,75.92877960205078,62.67277526855469,39.589542388916016,29.041282653808594,122.37397003173828,88.05633544921875
2021-09-16,145.12547302246094,416.903564453125,252.3300018310547,37.432003021240234,79.59272766113281,20.589523315429688,34.49365234375,93.78118133544922,75.97205352783203,62.463844299316406,39.665042877197266,28.79788589477539,122.0616226196289,88.45849609375
2021-09-17,142.4626922607422,412.84246826171875,253.163330078125,36.66118621826172,78.7122802734375,20.436208724975586,34.33833312988281,92.78242492675781,74.78874969482422,62.124298095703125,39.30430603027344,28.353792190551758,122.18103790283203,88.14730834960938
2021-09-20,139.4195098876953,405.9586486816406,243.38999938964844,35.95671463012695,77.13040161132812,19.812150955200195,33.54176330566406,91.7182846069336,73.42652130126953,61.50409698486328,39.03518295288086,28.301727294921875,120.90606689453125,86.13582611083984
2021-09-21,139.89749145507812,405.5752258300781,246.4600067138672,35.87069320678711,76.8079605102539,19.85828399658203,33.495880126953125,91.23585510253906,73.4554443359375,61.43402862548828,39.04360580444336,28.22428321838379,121.09044647216797,86.26531219482422
2021-09-22,142.2578887939453,409.5315246582031,250.64666748046875,36.24193572998047,76.7700424194336,20.470600128173828,34.0556755065918,91.95951843261719,74.4625244140625,61.60922622680664,39.37263107299805,28.20707130432129,121.29326629638672,87.44007873535156
2021-09-23,143.2137451171875,414.5072937011719,251.2133331298828,36.7580680847168,77.55718231201172,21.187763214111328,34.89077377319336,93.36968994140625,75.45999908447266,61.83698654174805,39.1786003112793,28.056488037109375,122.16905975341797,88.32709503173828
2021-09-24,143.301513671875,415.1900939941406,258.1300048828125,36.70374298095703,78.19258117675781,21.347131729125977,35.074317932128906,93.56452178955078,75.51300048828125,61.86326217651367,38.73146438598633,28.02637481689453,121.67121887207031,88.657958984375
2021-09-27,141.78970336914062,414.0022888183594,263.78668212890625,36.98896789550781,78.1830825805664,22.106231689453125,35.5515251159668,93.65730285644531,74.7805404663086,61.58294677734375,38.09030532836914,27.69508171081543,119.93810272216797,89.13264465332031
2021-09-28,138.41494750976562,405.65936279296875,259.1866760253906,36.53169631958008,76.27688598632812,22.18172836303711,34.96418762207031,92.57181549072266,72.5639877319336,60.85586166381836,37.862525939941406,27.346574783325195,117.88227081298828,87.41606903076172
2021-09-29,139.31224060058594,406.3421630859375,260.4366760253906,36.382293701171875,76.21049499511719,22.18172836303711,34.99171829223633,92.67388916015625,72.47244262695312,61.40775680541992,38.107181549072266,27.703685760498047,118.81336975097656,87.50238800048828
2021-09-30,138.01502990722656,401.3757019042969,258.49334716796875,35.816368103027344,75.97340393066406,21.84621238708496,34.44110107421875,90.77197265625,71.9520263671875,60.303977966308594,37.499759674072266,27.4842586517334,117.35678100585938,86.04473876953125
2021-10-01,139.1366729736328,406.14581298828125,258.40667724609375,36.38682174682617,77.25370788574219,22.580148696899414,35.01007843017578,92.01515197753906,73.03622436523438,60.46165084838867,37.90470504760742,27.4842586517334,117.38443756103516,86.69204711914062
2021-10-04,135.71311950683594,400.90802001953125,260.510009765625,36.228355407714844,75.58457946777344,22.949216842651367,34.70723342895508,91.5141830444336,71.34487915039062,60.268943786621094,37.9468879699707,27.86288070678711,115.5959701538086,86.00638580322266
2021-10-05,137.6345977783203,405.0794677734375,260.1966552734375,36.5498046875,76.71315002441406,23.08342170715332,35.38632583618164,92.53471374511719,72.3615951538086,60.57552719116211,37.651607513427734,27.794036865234375,116.28739166259766,86.35160064697266
2021-10-06,138.502685546875,406.7630615234375,260.9166564941406,36.481903076171875,76.84591674804688,22.840166091918945,35.42304229736328,92.94291687011719,72.83383178710938,61.16246032714844,38.01437759399414,28.22428321838379,116.07535552978516,86.62493133544922
2021-10-07,139.7609100341797,410.27972412109375,264.53668212890625,36.957279205322266,77.17784118652344,23.016319274902344,35.63410949707031,93.66658020019531,73.49880981445312,61.43402862548828,38.05656051635742,28.073699951171875,117.61492156982422,87.97229766845703
2021-10-08,139.38052368164062,409.5315246582031,261.8299865722656,36.7535400390625,76.79850006103516,23.7250919342041,35.8084716796875,93.65730285644531,73.22412872314453,61.36392593383789,37.6431770324707,27.8671817779541,117.02489471435547,87.56949615478516
2021-10-11,139.292724609375,406.5666198730469,263.9800109863281,36.7580680847168,75.6414794921875,23.637020111083984,35.4505729675293,92.90581512451172,72.81938934326172,61.34640884399414,37.69379806518555,27.488561630249023,116.11223602294922,87.2146987915039
2021-10-12,138.02476501464844,405.5657958984375,268.5733337402344,36.8078727722168,74.939697265625,23.657989501953125,35.340450286865234,92.59963989257812,72.44352722167969,61.37269973754883,38.199974060058594,27.673564910888672,115.54988098144531,87.9051513671875
2021-10-13,137.43955993652344,407.02490234375,270.3599853515625,37.08404541015625,75.29058074951172,23.637020111083984,35.13855743408203,92.79448699951172,72.8868408203125,61.4865837097168,38.41931915283203,27.996259689331055,115.73426818847656,88.33671569824219
2021-10-14,140.21934509277344,413.8713684082031,272.7733459472656,37.9849967956543,76.35276794433594,23.92639923095703,35.72588348388672,94.54794311523438,74.52999114990234,62.17863082885742,38.95924758911133,28.340452194213867,117.39366912841797,89.26214599609375
2021-10-15,141.27272033691406,417.02325439453125,281.010009765625,38.098182678222656,76.17256164550781,24.043832778930664,36.25813674926758,95.45716094970703,75.12750244140625,62.02969741821289,38.97611999511719,28.258703231811523,117.97445678710938,90.628662109375
2021-10-18,142.94065856933594,418.25787353515625,290.03668212890625,38.07102584838867,76.76054382324219,24.060609817504883,36.2673225402832,95.52210235595703,75.76355743408203,61.661781311035156,39.04360580444336,27.987653732299805,117.17240142822266,91.73628234863281
2021-10-19,145.09620666503906,421.4847106933594,288.0899963378906,38.270225524902344,77.50028228759766,24.333213806152344,36.62521743774414,96.08804321289062,76.51527404785156,61.68806076049805,39.22077941894531,28.340452194213867,118.71196746826172,91.47736358642578
2021-10-20,145.58389282226562,423.14019775390625,288.6000061035156,38.57808303833008,77.65200805664062,24.530330657958984,36.918880462646484,96.69107818603516,76.30326080322266,62.04722595214844,39.81977081298828,28.787914276123047,120.40824890136719,91.41024017333984
2021-10-21,145.7984619140625,424.243896484375,298.0,38.478485107421875,77.87960815429688,24.07738494873047,36.762874603271484,96.88591003417969,76.59720611572266,61.968379974365234,39.94630813598633,28.787914276123047,120.89684295654297,92.75282287597656
2021-10-22,145.02792358398438,423.80426025390625,303.2266540527344,38.40605163574219,76.22945404052734,24.303857803344727,37.27678680419922,97.22917938232422,76.33216857910156,62.450199127197266,40.233150482177734,28.934194564819336,121.38544464111328,92.4219741821289
2021-10-25,144.9791717529297,426.0770568847656,341.6199951171875,38.79087448120117,76.56137084960938,24.66033935546875,37.23089599609375,97.45184326171875,76.5827407836914,62.40638732910156,40.351261138916016,28.809423446655273,121.53294372558594,94.71395874023438
2021-10-26,145.6424560546875,426.46044921875,339.4766540527344,38.89952850341797,75.87857055664062,24.802934646606445,37.25843048095703,96.84878540039062,76.7995834350586,62.62538528442383,40.53685760498047,28.964313507080078,122.1321792602539,94.72830200195312
2021-10-27,145.18402099609375,424.5711669921875,345.9533386230469,38.3426628112793,75.66992950439453,24.089963912963867,36.64357376098633,95.7169418334961,76.73212432861328,62.25746536254883,40.24158477783203,28.77069854736328,121.16419982910156,94.93929290771484
2021-10-28,148.81239318847656,428.6678466796875,359.0133361816406,38.722957611083984,75.91649627685547,24.261919021606445,37.09324645996094,96.91374969482422,77.50310516357422,62.47648620605469,40.83212661743164,28.960010528564453,122.17829132080078,96.20036315917969
2021-10-29,146.110595703125,429.53765869140625,371.3333435058594,38.53733825683594,76.15361785888672,24.10254669189453,36.9464225769043,96.94156646728516,77.83557891845703,62.415157318115234,40.34281921386719,28.787914276123047,123.3675308227539,96.44969177246094
2021-11-01,145.29132080078125,430.2764892578125,402.86334228515625,38.627891540527344,76.27688598632812,24.517749786376953,36.96477127075195,97.21061706542969,77.71991729736328,62.51149368286133,40.43561935424805,28.89116859436035,123.22002410888672,98.2190170288086
2021-11-02,146.32521057128906,432.0162048339844,390.6666564941406,39.067047119140625,76.28638458251953,24.287080764770508,37.056541442871094,97.53532409667969,78.40419006347656,62.93199157714844,40.81526184082031,28.916990280151367,123.994384765625,97.5573501586914
2021-11-03,147.75897216796875,434.65380859375,404.6199951171875,39.47452163696289,76.56137084960938,24.085771560668945,37.19418716430664,97.32196044921875,78.86196899414062,63.518898010253906,41.051475524902344,28.809423446655273,124.7226791381836,99.312255859375
2021-11-04,147.24203491210938,436.7020568847656,409.9700012207031,39.45188522338867,76.8648681640625,24.119321823120117,36.70781326293945,97.71160888671875,80.09554290771484,63.580230712890625,40.58747482299805,28.650230407714844,123.86534881591797,100.65005493164062
2021-11-05,147.7694854736328,438.21728515625,407.36334228515625,39.759742736816406,77.4813003540039,24.43386459350586,36.726165771484375,98.7043228149414,80.50994873046875,63.94814682006836,40.68028259277344,28.921289443969727,122.48251342773438,101.29735565185547
2021-11-08,146.94895935058594,438.5914001464844,387.64666748046875,40.25775909423828,77.139892578125,24.65614891052246,36.928070068359375,99.11251068115234,80.943603515625,63.440059661865234,40.67184066772461,28.491037368774414,123.21077728271484,99.86367797851562
2021-11-09,147.3103790283203,437.1417236328125,341.1666564941406,40.44338607788086,76.95023345947266,24.756797790527344,36.726165771484375,99.36302185058594,80.61112213134766,63.65906524658203,40.82368850708008,28.637319564819336,122.75906372070312,98.01764678955078
2021-11-10,144.48744201660156,433.6249694824219,355.98333740234375,40.16720199584961,76.07774353027344,24.10254669189453,36.661930084228516,98.80635833740234,79.28116607666016,63.8517951965332,40.621219635009766,28.869659423828125,123.10939025878906,97.65322875976562
2021-11-11,144.43861389160156,433.76519775390625,354.5033264160156,40.48865509033203,75.92597961425781,24.194812774658203,36.762874603271484,98.39813995361328,79.65221405029297,63.80797576904297,40.638099670410156,28.69325828552246,122.7498550415039,97.38951110839844
2021-11-12,146.50942993164062,437.0387268066406,344.47332763671875,40.7920036315918,77.03558349609375,24.136096954345703,36.84546661376953,99.177490234375,80.6207504272461,63.80797576904297,40.65496063232422,28.676042556762695,123.35826110839844,97.71556091308594
2021-11-15,146.5192108154297,437.1883850097656,337.7966613769531,40.60636520385742,77.25370788574219,24.33740234375,36.84546661376953,99.36302185058594,80.538818359375,64.11458587646484,40.88274383544922,29.054668426513672,122.59308624267578,97.63404846191406
2021-11-16,147.49598693847656,438.9187316894531,351.57666015625,40.493186950683594,76.6751937866211,24.375158309936523,36.80876541137695,99.38157653808594,81.38691711425781,63.71164321899414,40.629661560058594,28.916990280151367,123.10939025878906,99.17321014404297
2021-11-17,149.92819213867188,437.8525085449219,363.0033264160156,40.22606658935547,76.38121032714844,24.001895904541016,36.386619567871094,98.7878189086914,81.14116668701172,63.57147979736328,40.89962387084961,28.942800521850586,123.28451538085938,99.80613708496094
2021-11-18,154.2066192626953,439.33966064453125,365.4599914550781,40.05402374267578,75.83116149902344,23.859302520751953,36.20307922363281,98.58370971679688,81.95069885253906,63.34369659423828,40.89118957519531,28.792211532592773,123.33063507080078,100.937744140625
2021-11-19,156.8243865966797,438.5539855957031,379.0199890136719,39.9815788269043,75.57510375976562,22.928251266479492,35.8084716796875,98.09199523925781,82.54822540283203,63.115943908691406,40.67184066772461,28.95570945739746,122.58389282226562,101.37408447265625
2021-11-22,157.2834930419922,437.3193359375,385.6233215332031,40.044960021972656,74.65518951416016,23.33505630493164,36.31320571899414,98.36105346679688,81.62786102294922,63.61526107788086,40.46936798095703,29.13210678100586,122.03080749511719,101.11993408203125
2021-11-23,157.6644287109375,437.8992614746094,369.6766662597656,40.08572769165039,74.45601654052734,24.052221298217773,36.882171630859375,98.52803802490234,81.43993377685547,64.03575897216797,40.89962387084961,29.16222381591797,122.15984344482422,100.3863296508789
2021-11-24,158.18209838867188,439.0683898925781,372.0,39.800498962402344,74.56035614013672,24.287080764770508,36.79957962036133,98.4167251586914,82.03260040283203,63.84302520751953,41.44799041748047,29.1794376373291,122.11376953125,100.59251403808594
2021-11-26,153.1711883544922,429.2757568359375,360.6400146484375,39.116851806640625,73.1947021484375,23.309892654418945,35.57905578613281,95.75404357910156,79.98471069335938,63.037105560302734,40.3259391784668,28.72337532043457,121.66202545166016,97.84982299804688
2021-11-29,156.52159118652344,434.5414733886719,378.9966735839844,39.297950744628906,73.82061004638672,23.444101333618164,35.68917465209961,95.92105102539062,81.98445129394531,63.194786071777344,40.83212661743164,29.14931869506836,121.99390411376953,99.36980438232422
2021-11-30,161.4641876220703,426.0863952636719,381.586669921875,38.324554443359375,71.47815704345703,22.894691467285156,34.83572006225586,93.49031829833984,81.30018615722656,61.57417297363281,39.98005294799805,28.297426223754883,119.59700775146484,98.02723693847656
2021-12-01,160.9464569091797,421.3536682128906,365.0,37.93519973754883,69.82801055908203,22.651443481445312,34.450286865234375,92.19144439697266,80.18707275390625,61.27634048461914,39.45700454711914,28.34905433654785,119.38493347167969,96.25790405273438
2021-12-02,159.95986938476562,427.80731201171875,361.5333251953125,38.70938491821289,71.00398254394531,23.309892654418945,35.47809982299805,94.9283447265625,80.92434692382812,61.92458724975586,40.53685760498047,28.710466384887695,119.96574401855469,97.62923431396484
2021-12-03,158.08445739746094,424.0848083496094,338.3233337402344,38.62336349487305,70.84275817871094,23.12535858154297,34.89995193481445,94.81700897216797,79.57030487060547,62.695465087890625,40.33439254760742,28.99873161315918,120.18701171875,95.7304458618164
2021-12-06,161.4836883544922,429.107421875,336.336669921875,39.18928527832031,72.00923156738281,23.469263076782227,35.432220458984375,96.42202758789062,80.32683563232422,63.79924392700195,40.91649627685547,29.44189453125,120.86920928955078,96.8237075805664
2021-12-07,167.2077178955078,437.9834289550781,350.5833435058594,39.78690719604492,72.74898529052734,24.018667221069336,36.065425872802734,97.40547180175781,83.13127899169922,63.93938064575195,41.642024993896484,29.66131591796875,122.4272232055664,99.08209991455078
2021-12-08,171.01722717285156,439.1432189941406,356.32000732421875,39.95442199707031,73.2800521850586,24.01447296142578,35.87270736694336,97.64668273925781,83.51194763183594,63.73789596557617,41.819190979003906,29.63119888305664,123.34906768798828,99.3314437866211
2021-12-09,170.5092315673828,436.1782531738281,334.6000061035156,39.732574462890625,72.7015380859375,23.829944610595703,35.799293518066406,97.34052276611328,82.61085510253906,63.91310501098633,41.28770065307617,29.59246826171875,123.6348876953125,97.61006927490234
2021-12-10,175.28579711914062,440.28424072265625,339.010009765625,39.9770622253418,72.739501953125,24.006086349487305,35.83599853515625,97.73944854736328,84.2684555053711,64.99059295654297,41.498600006103516,29.751663208007812,124.06816101074219,98.29094696044922
2021-12-13,171.66188049316406,436.384033203125,322.13665771484375,39.73710632324219,72.3601303100586,23.339250564575195,35.4505729675293,96.72819519042969,83.01560974121094,65.84031677246094,42.05540466308594,30.117374420166016,125.23895263671875,95.75924682617188
2021-12-14,170.2846221923828,433.3816833496094,319.5033264160156,39.69636154174805,72.17047119140625,23.242788314819336,35.66164779663086,95.80972290039062,81.6519546508789,65.88411712646484,41.591407775878906,29.936681747436523,124.73196411132812,95.20301055908203
2021-12-15,175.13929748535156,440.1532897949219,325.3299865722656,39.782386779785156,72.92916107177734,23.129552841186523,35.76258850097656,96.64469146728516,83.8155288696289,66.54987335205078,42.2072639465332,30.427162170410156,127.28555297851562,96.41133880615234
2021-12-16,168.26263427734375,436.27178955078125,308.97332763671875,40.189849853515625,72.82483673095703,23.276344299316406,36.212257385253906,96.69107818603516,81.43993377685547,67.02293395996094,42.3675537109375,30.58204460144043,128.0415496826172,94.28240966796875
2021-12-17,167.16860961914062,431.62860107421875,310.8566589355469,39.68730545043945,72.5308609008789,22.802427291870117,35.41386032104492,95.03968048095703,80.89541625976562,65.87535858154297,42.22413635253906,30.121685028076172,127.14726257324219,93.63987731933594
2021-12-20,165.81088256835938,427.0389404296875,299.9800109863281,38.97835922241211,72.02434539794922,22.51991844177246,34.725982666015625,93.51705932617188,79.9332504272461,65.89474487304688,41.94760513305664,30.15030288696289,126.37728118896484,92.1281967163086
2021-12-21,168.97569274902344,434.6227111816406,312.84332275390625,39.469791412353516,73.39279174804688,23.161405563354492,35.44520950317383,95.37957000732422,81.9560775756836,65.80654907226562,42.185848236083984,30.106937408447266,126.90483093261719,94.51482391357422
2021-12-22,171.56422424316406,438.96844482421875,336.2900085449219,39.78377151489258,73.57335662841797,23.310089111328125,35.6111946105957,95.64964294433594,83.0278549194336,66.22107696533203,42.60275650024414,30.23702049255371,128.385498046875,96.23876953125
2021-12-23,172.1893310546875,441.69970703125,355.6666564941406,40.1841926574707,74.22908782958984,23.322843551635742,35.79560470581055,96.7764663696289,83.4913101196289,66.37105560302734,42.47513961791992,30.232696533203125,128.9130401611328,97.57376861572266
2021-12-27,176.14540100097656,447.95068359375,364.64666748046875,40.78939437866211,74.95130920410156,23.83262825012207,36.164451599121094,97.80083465576172,85.28240203857422,67.07666778564453,43.343021392822266,30.380125045776367,130.27340698242188,98.52458953857422
2021-12-28,175.12948608398438,447.58465576171875,362.8233337402344,41.0260124206543,74.91328430175781,23.815635681152344,36.182891845703125,98.2944107055664,84.8382339477539,67.45591735839844,43.53022003173828,30.6533145904541,129.93099975585938,98.56779479980469
2021-12-29,175.21742248535156,448.1572265625,362.0633239746094,41.19438171386719,74.54267120361328,23.66269302368164,36.13677978515625,98.47135162353516,84.91068267822266,67.76463317871094,43.793983459472656,30.818092346191406,130.67127990722656,98.76468658447266
2021-12-30,174.06483459472656,446.91815185546875,356.7799987792969,41.048763275146484,74.85625457763672,23.51825714111328,36.072242736816406,98.11750030517578,84.35063934326172,67.55291748046875,43.98967361450195,30.930831909179688,130.93966674804688,98.40930938720703
2021-12-31,173.4494171142578,445.7919006347656,352.260009765625,41.230777740478516,73.82041931152344,23.577730178833008,36.0076904296875,98.53653717041016,83.94029235839844,68.01156616210938,44.083274841308594,31.03923988342285,130.38446044921875,98.17401885986328
2022-01-03,177.7864227294922,448.3730773925781,399.9266662597656,40.69384002685547,74.3335952758789,24.308425903320312,36.450294494628906,97.7263412475586,84.73689270019531,68.00275421142578,43.674861907958984,30.731369018554688,129.0425567626953,100.99284362792969
2022-01-04,175.53001403808594,448.2228088378906,383.1966552734375,41.19438171386719,74.17203521728516,25.149580001831055,37.40926742553711,99.69132232666016,83.83891296386719,68.4614028930664,43.50468444824219,30.635971069335938,127.33975219726562,100.3781967163086
2022-01-05,170.8609161376953,439.6160583496094,362.7066650390625,41.1898307800293,72.30941772460938,25.145326614379883,36.975887298583984,98.74142456054688,81.26090240478516,68.39966583251953,42.09225082397461,30.61862564086914,126.43282318115234,97.66980743408203
2022-01-06,168.00868225097656,439.20306396484375,354.8999938964844,40.67108917236328,72.63253021240234,25.706098556518555,37.51992416381836,99.19772338867188,80.85053253173828,68.21441650390625,42.14330291748047,30.302064895629883,124.97064208984375,97.41527557373047
2022-01-07,168.1747589111328,437.46661376953125,342.32000732421875,40.634700775146484,72.64204406738281,26.05870246887207,37.962528228759766,99.16981506347656,80.10704803466797,68.28499603271484,41.92207717895508,30.53190040588379,124.33210754394531,95.79217529296875
2022-01-10,168.19427490234375,436.92230224609375,352.7066650390625,40.220603942871094,72.18589782714844,25.97798728942871,37.83343505859375,98.05229187011719,80.12152862548828,67.74697875976562,41.67532730102539,30.33241844177246,125.60919952392578,95.20630645751953
2022-01-11,171.01722717285156,440.90191650390625,354.79998779296875,40.661991119384766,73.08866882324219,26.861618041992188,38.16538619995117,98.63899993896484,81.0822525024414,67.66759490966797,41.60725402832031,30.05924415588379,126.6086654663086,96.12353515625
2022-01-12,171.456787109375,442.0939025878906,368.739990234375,41.0715217590332,73.1837158203125,26.912601470947266,38.19304656982422,98.95560455322266,81.4636459350586,67.69405364990234,41.71786880493164,30.154640197753906,126.24776458740234,96.75741577148438
2022-01-13,168.19427490234375,436.00244140625,343.85333251953125,40.752994537353516,72.42346954345703,26.776653289794922,38.045509338378906,99.16981506347656,79.3539047241211,67.81753540039062,41.57322311401367,30.302064895629883,124.28582000732422,94.81254577636719
2022-01-14,169.05384826660156,436.1807861328125,349.8699951171875,40.407169342041016,72.75606536865234,27.4053955078125,37.649017333984375,98.57379150390625,80.02497863769531,67.9410171508789,41.08823013305664,30.09392547607422,124.072998046875,94.37076568603516
2022-01-18,165.8597412109375,428.45623779296875,343.5033264160156,39.874778747558594,71.87226867675781,27.515851974487305,36.809906005859375,97.43766021728516,78.1035385131836,66.96197509765625,40.80744552612305,29.7340145111084,122.33316040039062,92.5843734741211
2022-01-19,162.37255859375,424.0072326660156,331.8833312988281,39.77467727661133,71.74874114990234,27.316186904907227,36.19210433959961,96.34809112548828,77.01244354248047,67.3853530883789,40.279911041259766,29.868436813354492,121.83344268798828,90.9132308959961
2022-01-20,160.69247436523438,419.3143005371094,332.0899963378906,39.19677734375,71.0360107421875,27.06553840637207,35.96158218383789,95.11882781982422,76.01795196533203,66.94434356689453,39.92254638671875,29.907466888427734,121.03753662109375,89.25653839111328
2022-01-21,158.6412353515625,411.08294677734375,314.6333312988281,38.24119567871094,68.63172149658203,26.530256271362305,35.22391891479492,94.24342346191406,74.50684356689453,66.99726104736328,39.89702224731445,29.851093292236328,119.81600189208984,86.6393814086914
2022-01-24,157.8695526123047,412.82879638671875,310.0,38.26396179199219,69.13536834716797,26.708683013916016,35.32534408569336,94.7835693359375,74.89307403564453,66.77677917480469,39.982112884521484,29.564895629882812,119.41804504394531,87.68144989013672
2022-01-25,156.072265625,407.7885437011719,306.1333312988281,37.91813278198242,67.71939849853516,27.745256423950195,35.472877502441406,93.85231018066406,73.1598892211914,66.03588104248047,39.871498107910156,29.100914001464844,118.6499252319336,86.19759368896484
2022-01-26,155.9843292236328,406.76544189453125,312.4700012207031,37.522247314453125,66.73109436035156,27.69852638244629,35.56508255004883,93.03279876708984,73.58956909179688,65.53315734863281,39.207820892333984,28.862415313720703,118.02989959716797,85.77981567382812
2022-01-27,155.5252227783203,404.7568664550781,276.3666687011719,37.649662017822266,66.80709838867188,28.000152587890625,35.24235916137695,92.20398712158203,73.08264923095703,65.97413635253906,38.50160598754883,29.11825942993164,118.33527374267578,83.70051574707031
2022-01-28,166.37742614746094,414.8091735839844,282.1166687011719,37.868080139160156,68.71722412109375,27.881202697753906,35.703399658203125,92.84654235839844,76.27864837646484,66.75029754638672,39.83746337890625,29.46950340270996,120.75067138671875,85.52529907226562
2022-01-31,170.72418212890625,422.2803039550781,312.239990234375,38.427764892578125,70.27574920654297,28.004396438598633,36.016910552978516,93.81505584716797,78.19525146484375,67.00608825683594,40.279911041259766,30.02889060974121,121.44474792480469,88.81474304199219
2022-02-01,170.55812072753906,425.1336364746094,310.4166564941406,39.019317626953125,70.8839340209961,29.002729415893555,36.514835357666016,95.1095199584961,78.39802551269531,66.94434356689453,40.007625579833984,29.629940032958984,121.7686538696289,89.35260009765625
2022-02-02,171.7595672607422,429.26336669921875,301.88665771484375,39.14216995239258,72.2999267578125,29.09619140625,36.76380157470703,95.77069091796875,79.03529357910156,67.74697875976562,40.69683074951172,30.067909240722656,123.40668487548828,88.81953430175781
2022-02-03,168.88775634765625,419.173583984375,297.0466613769531,38.45960235595703,67.46283721923828,28.82005500793457,36.35808563232422,94.24342346191406,76.74211883544922,67.76463317871094,40.279911041259766,29.933486938476562,122.8791732788086,86.1015396118164
2022-02-04,168.6041717529297,421.1446533203125,307.7733459472656,37.822566986083984,67.63389587402344,29.270366668701172,36.975887298583984,93.2283706665039,77.05109405517578,66.93553161621094,39.726844787597656,29.694992065429688,122.4349594116211,88.55062103271484
2022-02-07,167.89022827148438,419.7929992675781,302.4466552734375,37.63600540161133,66.45548248291016,29.644224166870117,37.08654022216797,93.30286407470703,76.53933715820312,67.05900573730469,39.7353630065918,29.651628494262695,122.22211456298828,88.36814880371094
2022-02-08,170.99058532714844,423.24700927734375,307.3333435058594,38.21844482421875,66.4269790649414,29.006982803344727,37.60291290283203,94.23412322998047,77.48556518554688,67.31478118896484,39.377986907958984,29.67331314086914,123.22159576416016,89.61187744140625
2022-02-09,172.4087371826172,429.4417724609375,310.6666564941406,39.0511589050293,68.29910278320312,29.24913787841797,37.84265899658203,95.52859497070312,79.20428466796875,67.33243560791016,40.330970764160156,29.803394317626953,124.17477416992188,90.79801177978516
2022-02-10,168.34010314941406,421.7265319824219,301.51666259765625,38.823646545410156,67.32026672363281,29.066457748413086,37.51070022583008,93.96406555175781,77.13317108154297,66.60916900634766,39.18229675292969,29.048879623413086,122.23136901855469,89.23252868652344
2022-02-11,164.93653869628906,413.41058349609375,286.6666564941406,38.22299575805664,65.8663101196289,29.91185760498047,36.985111236572266,92.5299301147461,74.77720642089844,66.37105560302734,38.64624786376953,29.066219329833984,120.537841796875,86.6681900024414
2022-02-14,165.17124938964844,412.05908203125,291.9200134277344,37.90902328491211,65.87580871582031,29.206647872924805,36.57017135620117,92.18535614013672,74.75305938720703,66.18582153320312,38.22932815551758,28.819053649902344,119.30697631835938,87.1628189086914
2022-02-15,168.995361328125,418.7042541503906,307.4766540527344,38.605224609375,66.797607421875,28.900775909423828,37.068092346191406,93.57292938232422,76.71798706054688,66.30047607421875,38.41651916503906,28.684629440307617,120.64885711669922,89.11246490478516
2022-02-16,168.7606658935547,419.173583984375,307.7966613769531,38.88734817504883,66.33195495605469,29.134429931640625,37.09574890136719,94.06652069091797,76.64073181152344,66.42395782470703,38.51861572265625,28.749677658081055,120.8339614868164,89.36698913574219
2022-02-17,165.17124938964844,410.2193908691406,292.1166687011719,38.22299575805664,64.56438446044922,29.08769989013672,36.173667907714844,92.34368896484375,74.34751892089844,66.93553161621094,38.18678283691406,28.76702117919922,118.89056396484375,86.97553253173828
2022-02-18,163.6259765625,407.56329345703125,285.6600036621094,38.1593017578125,64.06070709228516,28.909273147583008,36.164451599121094,91.58004760742188,73.59440612792969,67.05900573730469,38.01661682128906,28.714982986450195,118.00212860107422,86.4377212524414
2022-02-22,160.71141052246094,403.1894836425781,273.84332275390625,37.61780548095703,63.40499496459961,28.441965103149414,35.980037689208984,90.69534301757812,72.9136962890625,66.53862762451172,37.91450881958008,28.684629440307617,117.70597839355469,83.9166030883789
2022-02-23,156.55474853515625,396.0373840332031,254.67999267578125,37.13546371459961,62.340633392333984,28.73509407043457,35.35300064086914,89.02838897705078,71.08879089355469,66.00060272216797,37.4210090637207,28.19896697998047,117.11371612548828,81.11216735839844
2022-02-24,159.16607666015625,401.9974060058594,266.92333984375,37.0262565612793,64.08921813964844,28.50993537902832,34.92884063720703,90.1645278930664,73.51715087890625,64.86280059814453,38.06766128540039,28.42445182800293,117.5856704711914,82.96578216552734
2022-02-25,161.22975158691406,410.8670349121094,269.9566650390625,38.37770080566406,65.12503814697266,29.261877059936523,36.053794860839844,92.31572723388672,74.51651000976562,66.95319366455078,39.0206413269043,29.304723739624023,121.18561553955078,84.6081314086914
2022-02-28,161.49383544921875,409.81585693359375,290.1433410644531,37.94087219238281,65.04902648925781,29.984079360961914,35.518985748291016,93.02349853515625,74.38131713867188,66.06236267089844,38.348453521728516,29.456491470336914,120.26945495605469,85.20354461669922
2022-03-01,159.615966796875,403.5742492675781,288.1233215332031,37.06721496582031,64.23174285888672,30.28569793701172,34.20960998535156,91.63593292236328,72.89437866210938,65.67424774169922,38.271881103515625,29.200647354125977,119.6031265258789,83.91181182861328
2022-03-02,162.90219116210938,410.99853515625,293.2966613769531,37.881710052490234,64.7829360961914,30.978174209594727,35.09482192993164,93.59158325195312,74.47306823730469,66.37105560302734,38.95255661010742,29.556232452392578,121.40775299072266,85.6741714477539
2022-03-03,162.57945251464844,408.9523620605469,279.7633361816406,37.92722702026367,64.10821533203125,31.063127517700195,34.98417282104492,93.69400787353516,73.58476257324219,66.90906524658203,39.377986907958984,30.076587677001953,122.02775573730469,83.734130859375
2022-03-04,159.58665466308594,405.6297607421875,279.42999267578125,37.795257568359375,63.1864013671875,31.95950698852539,34.32948303222656,93.48912048339844,72.29573059082031,66.91789245605469,39.70983123779297,30.740034103393555,122.6385726928711,82.40394592285156
2022-03-07,155.8016357421875,393.67218017578125,268.1933288574219,36.484764099121094,61.08620834350586,32.43105697631836,33.075439453125,90.9840316772461,69.65010833740234,65.70069885253906,38.986602783203125,31.138975143432617,120.50080871582031,78.36538696289062
2022-03-08,153.98248291015625,390.6874084472656,274.79998779296875,36.29819107055664,60.934165954589844,32.940853118896484,32.881797790527344,90.42526245117188,69.31218719482422,63.92788314819336,38.63773727416992,30.65764808654785,118.03915405273438,78.52865600585938
2022-03-09,159.37152099609375,401.1620178222656,286.3233337402344,37.42213439941406,62.7587776184082,31.934011459350586,34.08973693847656,92.06429290771484,72.05435180664062,64.36005401611328,39.284400939941406,30.440834045410156,120.26945495605469,81.0545425415039
2022-03-10,155.0387420654297,399.3505554199219,279.4333190917969,37.522247314453125,62.29311752319336,32.911109924316406,33.80389404296875,91.9432373046875,70.79429626464844,63.75148010253906,39.42053985595703,30.644641876220703,120.2231674194336,81.63079833984375
2022-03-11,151.3319854736328,394.2728271484375,265.1166687011719,37.24467849731445,61.1717414855957,32.647727966308594,33.56414794921875,91.2075424194336,69.54873657226562,63.01059341430664,39.029144287109375,30.540565490722656,119.32550811767578,80.06050872802734
2022-03-14,147.31222534179688,391.3913879394531,255.4566650390625,37.19007110595703,60.45900344848633,31.670629501342773,33.98831558227539,91.51483917236328,68.25973510742188,63.34574890136719,38.790897369384766,30.505876541137695,120.16764831542969,78.72554016113281
2022-03-15,151.68408203125,399.9981689453125,267.2966613769531,37.61780548095703,61.61838150024414,30.510862350463867,34.46780014038086,92.96762084960938,70.55290985107422,64.76579284667969,39.09720993041992,30.896141052246094,122.56453704833984,81.36188507080078
2022-03-16,156.0852813720703,408.86785888671875,280.07666015625,38.20934295654297,63.31944274902344,30.37066650390625,35.43599319458008,94.19688415527344,72.84609985351562,64.83635711669922,39.531150817871094,30.839773178100586,124.03596496582031,84.13751220703125
2022-03-17,157.09262084960938,413.9831848144531,290.5333251953125,38.94195556640625,64.00367736816406,31.41573715209961,35.87859344482422,95.40751647949219,73.36266326904297,65.28618621826172,40.092716217041016,30.96986198425293,125.99784088134766,85.53971099853516
2022-03-18,160.37884521484375,418.5174255371094,301.7966613769531,39.17856979370117,64.8399658203125,31.38599395751953,35.96158218383789,95.77069091796875,74.86409759521484,65.43611145019531,40.18632125854492,30.705341339111328,126.77526092529297,87.34049987792969
2022-03-21,161.7481231689453,418.3951721191406,307.0533447265625,39.504234313964844,64.23308563232422,32.651206970214844,35.926414489746094,95.98653411865234,74.7219009399414,65.52029418945312,39.98008346557617,30.910511016845703,126.6787109375,86.60897827148438
2022-03-22,165.11253356933594,423.29095458984375,331.32666015625,39.71890640258789,65.43350982666016,32.41103744506836,36.509605407714844,96.50979614257812,75.79563903808594,66.0075912475586,40.00576400756836,30.95417022705078,126.7065658569336,88.75880432128906
2022-03-23,166.4720458984375,417.8395690917969,333.03668212890625,39.536197662353516,64.5379409790039,32.96859359741211,35.83383560180664,95.58476257324219,74.63002014160156,65.47598266601562,39.552223205566406,30.997819900512695,124.43213653564453,87.65742492675781
2022-03-24,170.2472686767578,424.13818359375,337.97332763671875,40.330955505371094,65.59546661376953,33.050079345703125,36.12080383300781,96.3135757446289,76.56950378417969,65.93671417236328,39.86027908325195,31.316478729248047,125.91748046875,88.34037780761719
2022-03-25,170.8830108642578,426.20947265625,336.8800048828125,40.78313064575195,65.90986633300781,33.774898529052734,36.58366394042969,96.91155242919922,76.52599334716797,66.48604583740234,40.330936431884766,31.770477294921875,126.50233459472656,88.1865005493164
2022-03-28,171.74365234375,429.24114990234375,363.9466552734375,40.60043716430664,66.11946868896484,32.938568115234375,36.4818229675293,96.9395980834961,77.43528747558594,66.76069641113281,40.8443717956543,31.97563362121582,127.42135620117188,90.53829956054688
2022-03-29,175.02987670898438,434.55120849609375,366.5233459472656,40.9429931640625,67.27227783203125,32.85279083251953,36.56513977050781,97.83657836914062,79.07975769042969,67.35430145263672,42.04241180419922,32.27247619628906,128.17327880859375,92.11579895019531
2022-03-30,173.86599731445312,431.8680114746094,364.663330078125,40.80596923828125,66.7959213256836,33.2344970703125,36.305946350097656,97.72443389892578,78.02535247802734,67.39862060546875,41.81135940551758,32.53876495361328,128.42396545410156,90.71625518798828
2022-03-31,170.77542114257812,425.2209777832031,359.20001220703125,40.2624397277832,65.52877807617188,32.784175872802734,35.47282028198242,96.22012329101562,76.86939239501953,67.23915100097656,41.349273681640625,32.503849029541016,127.17071533203125,88.9752426147461
2022-04-01,170.48199462890625,426.4261169433594,361.5299987792969,40.68722152709961,66.01466369628906,33.050079345703125,35.38025665283203,95.47264099121094,76.64207458496094,67.9124984741211,42.17076873779297,32.957828521728516,128.17327880859375,89.08586120605469
2022-04-04,174.5213165283203,430.0790710449219,381.8166809082031,40.69635009765625,67.8343734741211,33.09297180175781,35.22287368774414,95.35118103027344,78.09789276123047,67.69986724853516,42.04241180419922,32.70463943481445,127.10570526123047,91.08659362792969
2022-04-05,171.2155303955078,424.6466979980469,363.7533264160156,40.37205505371094,66.96739959716797,32.574012756347656,35.00070571899414,93.99635314941406,76.45343780517578,67.76187896728516,42.07664108276367,32.909812927246094,127.37496948242188,88.9511947631836
2022-04-06,168.0564422607422,420.4004211425781,348.586669921875,39.906185150146484,65.71932220458984,32.76701354980469,34.76002883911133,93.26757049560547,74.64452362060547,68.62130737304688,42.70133590698242,33.564598083496094,129.31515502929688,86.68114471435547
2022-04-07,168.35968017578125,422.5188293457031,352.4200134277344,40.16651916503906,65.1476821899414,33.19590759277344,34.722991943359375,93.58525085449219,74.76060485839844,69.45416259765625,42.350486755371094,33.481658935546875,131.80299377441406,87.12358856201172
2022-04-08,166.3546905517578,421.3890075683594,341.8299865722656,40.413169860839844,64.86186981201172,34.10942459106445,35.07475280761719,93.06199645996094,73.71588134765625,69.74653625488281,42.50450897216797,33.595149993896484,132.59210205078125,86.32041931152344
2022-04-11,162.1099853515625,414.1865234375,325.30999755859375,40.212196350097656,64.0234603881836,33.08439254760742,34.91740036010742,92.76300048828125,71.85860443115234,69.46302032470703,41.922607421875,33.136802673339844,129.9556884765625,84.7188491821289
2022-04-12,163.97805786132812,412.6518859863281,328.98333740234375,40.22132873535156,63.49945831298828,33.63336944580078,34.53786087036133,92.613525390625,71.53938293457031,69.480712890625,41.794246673583984,33.263397216796875,128.6931915283203,84.90641784667969
2022-04-13,166.6578826904297,417.37823486328125,340.7900085449219,40.81510925292969,64.4331283569336,34.135169982910156,34.53786087036133,93.48246765136719,72.69049072265625,69.87059020996094,41.965389251708984,33.19792175292969,129.3243865966797,87.01777648925781
2022-04-14,161.66009521484375,412.1811218261719,328.3333435058594,40.678077697753906,63.33750534057617,34.246673583984375,34.1490592956543,93.37969970703125,70.92510986328125,69.85285186767578,41.72578811645508,33.21537780761719,128.7024383544922,85.80099487304688
2022-04-18,161.44493103027344,412.3505554199219,334.7633361816406,40.71461486816406,63.127906799316406,34.748477935791016,34.352725982666016,93.05266571044922,71.15727996826172,69.2769546508789,41.62309265136719,33.03640365600586,127.28209686279297,86.06068420410156
2022-04-19,163.7237548828125,419.007080078125,342.7166748046875,41.09828567504883,64.38551330566406,34.46540451049805,34.8248291015625,94.74385070800781,72.49220275878906,70.33131408691406,42.49595260620117,33.250301361083984,128.49822998046875,88.55681610107422
2022-04-20,163.55751037597656,418.69635009765625,325.73333740234375,41.358638763427734,61.59401321411133,34.59836959838867,35.06550216674805,95.25775146484375,72.42448425292969,71.38565826416016,43.300350189208984,33.52094650268555,130.22486877441406,87.41695404052734
2022-04-21,162.76528930664062,412.435302734375,336.260009765625,40.682647705078125,59.840980529785156,33.500404357910156,34.51008987426758,94.2860107421875,71.19596099853516,71.32362365722656,43.0179443359375,32.966556549072266,128.7859649658203,86.57049560546875
2022-04-22,158.2369384765625,401.11846923828125,335.01666259765625,39.16167068481445,58.42141342163086,32.681236267089844,33.4825553894043,91.96880340576172,69.20325469970703,70.2072525024414,42.24778366088867,32.41215896606445,124.08869171142578,84.56013488769531
2022-04-25,159.30300903320312,403.4440002441406,332.67333984375,39.05205535888672,59.221710205078125,31.60043716430664,33.53810119628906,91.96880340576172,70.2431411743164,70.51736450195312,42.05097198486328,32.18954086303711,124.92420196533203,85.17093658447266
2022-04-26,153.3565673828125,391.7599182128906,292.1400146484375,38.44914627075195,57.278133392333984,31.643333435058594,32.69570541381836,89.9599380493164,67.62649536132812,69.42757415771484,41.392051696777344,31.866506576538086,122.72406005859375,80.86164855957031
2022-04-27,153.13157653808594,392.8614501953125,293.836669921875,39.01551818847656,56.0014762878418,32.106529235839844,32.667945861816406,90.29631805419922,68.627685546875,69.68451690673828,41.14388656616211,31.713727951049805,122.4548568725586,80.87126922607422
2022-04-28,160.04632568359375,402.7849426269531,292.5033264160156,39.63212585449219,58.240394592285156,33.08010482788086,33.084510803222656,91.31475830078125,71.37493896484375,70.71227264404297,41.89693832397461,32.06732177734375,124.14437103271484,82.53053283691406
2022-04-29,154.18785095214844,387.89971923828125,290.2533264160156,38.83737564086914,56.268245697021484,32.23090362548828,31.945899963378906,88.89476013183594,68.4003677368164,68.78966522216797,39.877403259277344,31.106950759887695,120.95095825195312,78.336669921875
2022-05-02,154.4910888671875,390.23468017578125,300.9800109863281,38.7186279296875,57.82119369506836,32.74557113647461,31.955163955688477,89.0816421508789,69.44026184082031,67.88594818115234,38.841949462890625,30.788288116455078,120.19902038574219,79.48133087158203
2022-05-03,155.97769165039062,392.0235595703125,303.0833435058594,39.152530670166016,57.973628997802734,33.663394927978516,32.37171936035156,89.67029571533203,69.56116485595703,67.69099426269531,39.31261444091797,30.90615463256836,120.57962799072266,79.28414154052734
2022-05-04,162.37405395507812,403.9618225097656,317.5400085449219,40.42230224609375,59.96482849121094,35.061561584472656,33.36222457885742,92.26780700683594,72.00369262695312,69.2149429321289,39.77470016479492,31.595861434936523,123.25320434570312,81.61192321777344
2022-05-05,153.32717895507812,389.6039123535156,291.09332275390625,39.17081832885742,57.75450134277344,34.534019470214844,32.390235900878906,89.85714721679688,68.54061889648438,67.90364074707031,38.756370544433594,31.2728271484375,120.85811614990234,77.03811645507812
2022-05-06,154.05203247070312,387.2782897949219,288.54998779296875,38.609004974365234,56.56359100341797,35.5633659362793,32.15882110595703,89.24983215332031,67.98925018310547,67.97454071044922,38.36273956298828,31.521656036376953,120.47752380371094,76.06181335449219
2022-05-09,148.9391326904297,374.8787841796875,262.3699951171875,37.38948440551758,55.09638595581055,32.621185302734375,31.390478134155273,87.09146118164062,65.35809326171875,67.94794464111328,36.57424545288086,31.285921096801758,117.3583755493164,72.82023620605469
2022-05-10,151.3388671875,375.7449035644531,266.67999267578125,37.15654373168945,55.344085693359375,32.9171257019043,31.112770080566406,86.5215072631836,66.35444641113281,67.47837829589844,35.761295318603516,30.90615463256836,117.77610778808594,72.60379028320312
2022-05-11,143.49327087402344,369.7757873535156,244.6666717529297,37.17481231689453,54.34373092651367,33.358882904052734,30.82579803466797,85.73664855957031,64.26016998291016,67.18598175048828,35.70995330810547,31.12877655029297,116.99630737304688,70.00186157226562
2022-05-12,139.63409423828125,369.38970947265625,242.6666717529297,37.10630416870117,54.934425354003906,33.500404357910156,30.594377517700195,85.89549255371094,63.5975456237793,67.16826629638672,35.97522735595703,30.814477920532227,118.12886810302734,70.4828109741211
2022-05-13,144.09072875976562,378.2210998535156,256.5299987792969,37.6772346496582,56.22060012817383,34.64554214477539,31.038707733154297,86.98868560791016,65.71116638183594,68.17831420898438,36.87375259399414,31.181163787841797,119.3821029663086,73.25786590576172
2022-05-16,142.55294799804688,376.68634033203125,241.4566650390625,37.60871887207031,55.85856246948242,35.55907440185547,30.77952003479004,86.8672103881836,65.1307601928711,68.48841857910156,36.57424545288086,31.27720069885254,120.26399230957031,71.6755599975586
2022-05-17,146.17703247070312,384.4350280761719,253.8699951171875,38.67295455932617,57.07805633544922,35.97080993652344,31.6033878326416,88.8387222290039,67.0170669555664,68.01883697509766,36.9678840637207,31.600231170654297,121.9164047241211,73.48393249511719
2022-05-18,137.9298553466797,368.9378662109375,236.60333251953125,37.471710205078125,55.21072006225586,35.0486946105957,30.733230590820312,85.53108978271484,63.950626373291016,63.64195251464844,35.889652252197266,31.294652938842773,118.76939392089844,68.67925262451172
2022-05-19,134.53106689453125,366.67828369140625,236.47332763671875,37.73662185668945,55.134490966796875,34.920021057128906,30.529582977294922,84.76490783691406,63.249298095703125,62.50786590576172,35.821197509765625,31.229183197021484,119.02933502197266,68.72735595703125
2022-05-20,134.76611328125,366.83831787109375,221.3000030517578,37.645267486572266,55.277400970458984,35.07014465332031,30.474029541015625,83.84923553466797,63.38955307006836,62.64075469970703,36.24051284790039,31.316478729248047,120.47752380371094,67.52979278564453
2022-05-23,140.17283630371094,373.701904296875,224.96665954589844,38.334964752197266,56.10627365112305,35.99653625488281,31.46453857421875,85.22274017333984,64.84542083740234,63.9343376159668,36.71116256713867,31.6919002532959,121.53580474853516,68.03478240966797
2022-05-24,137.47926330566406,370.8491516113281,209.3866729736328,38.11572265625,54.11506652832031,36.133792877197266,31.399728775024414,85.176025390625,63.88291931152344,64.97981262207031,37.13903045654297,32.32486343383789,121.8978500366211,66.28413391113281
2022-05-25,137.63600158691406,374.1255798339844,219.60000610351562,38.28472137451172,54.83914566040039,36.88005065917969,31.64967918395996,85.6712417602539,64.62774658203125,64.99754333496094,37.344417572021484,32.30303192138672,121.86071014404297,68.1550064086914
2022-05-26,140.82908630371094,381.6009826660156,235.91000366210938,38.98810577392578,56.172969818115234,37.2874870300293,32.380977630615234,87.40914916992188,66.18031311035156,65.68861389160156,37.301612854003906,32.39470291137695,122.38056182861328,71.49760437011719
2022-05-27,146.5688018798828,390.9690246582031,253.2100067138672,39.901611328125,57.3734130859375,37.969417572021484,32.9271354675293,89.2031021118164,68.41971588134766,66.45059967041016,38.354183197021484,32.90108108520508,124.41358184814453,73.9504623413086
2022-05-31,145.78524780273438,388.7752990722656,252.75332641601562,39.29412841796875,57.33530044555664,37.39900588989258,32.83457565307617,88.483642578125,67.93122100830078,65.98101043701172,37.84074020385742,32.447086334228516,122.75189208984375,74.3255615234375
2022-06-01,145.65789794921875,385.6307067871094,246.7899932861328,38.90131759643555,56.67791748046875,38.008026123046875,32.30693054199219,87.94172668457031,67.72807312011719,65.12158966064453,37.42998504638672,32.39470291137695,120.98809051513672,73.55125427246094
2022-06-02,148.10659790039062,392.974365234375,258.3333435058594,39.97468566894531,58.05937194824219,37.88792419433594,32.751258850097656,89.6235580444336,69.36771392822266,66.06961822509766,37.994773864746094,32.612972259521484,121.94426727294922,75.80207824707031
2022-06-03,142.39625549316406,386.5251770019531,234.51666259765625,39.58645248413086,56.8017692565918,38.38972854614258,32.279151916503906,89.2778549194336,67.70870208740234,65.40511322021484,37.51555633544922,32.45581817626953,120.51465606689453,73.58492279052734
2022-06-06,143.1406707763672,387.70208740234375,238.27999877929688,39.96097183227539,57.08758544921875,38.34684371948242,32.37171936035156,89.6515884399414,67.71354675292969,65.43167877197266,37.404319763183594,32.59987258911133,120.53323364257812,74.32075500488281
2022-06-07,145.65789794921875,391.4209899902344,238.8866729736328,40.248741149902344,57.49726486206055,39.49197006225586,32.62165832519531,90.85691833496094,68.52128601074219,65.7772216796875,37.84074020385742,32.79631805419922,122.1020736694336,74.13799285888672
2022-06-08,144.92327880859375,387.1653747558594,241.86666870117188,39.41289138793945,57.34483337402344,39.57774353027344,32.0477294921875,89.21244812011719,67.7474136352539,64.970947265625,36.933650970458984,32.15461730957031,121.13662719726562,73.70036315917969
2022-06-09,139.71249389648438,377.95745849609375,239.7066650390625,38.48111343383789,55.582271575927734,38.70281982421875,31.24236297607422,87.45584869384766,65.93849182128906,63.99638748168945,36.086483001708984,31.381959915161133,118.39807891845703,72.36813354492188
2022-06-10,134.31558227539062,366.99835205078125,232.22999572753906,37.30270767211914,54.029327392578125,38.04662322998047,30.11301040649414,84.87702941894531,63.4040641784668,63.721683502197266,35.23073959350586,31.141870498657227,116.49501037597656,69.4824447631836
2022-06-13,129.17330932617188,353.06414794921875,215.73666381835938,35.84567642211914,51.476009368896484,36.060874938964844,29.215085983276367,82.32623291015625,60.59394836425781,62.3483772277832,33.53636932373047,29.710065841674805,112.96739959716797,66.27452087402344
2022-06-14,130.0352325439453,352.00018310546875,220.88999938964844,35.571617126464844,51.333106994628906,36.12948989868164,28.96514892578125,82.12065887451172,60.97605895996094,61.61299514770508,33.29676818847656,28.95923614501953,111.89054107666016,66.22161865234375
2022-06-15,132.6504669189453,357.0184020996094,233.0,35.56248474121094,52.48590087890625,35.33176803588867,29.289140701293945,82.91487121582031,62.26261520385742,61.67500686645508,34.058372497558594,29.146940231323242,113.0230941772461,68.08289337158203
2022-06-16,127.39066314697266,345.2025146484375,213.10000610351562,34.279029846191406,50.57091522216797,33.34172439575195,28.5485782623291,80.149169921875,59.728187561035156,61.2054443359375,33.245418548583984,28.58382225036621,111.36138916015625,64.74993133544922
2022-06-17,128.85987854003906,345.9466247558594,216.75999450683594,34.219635009765625,51.29499053955078,31.518945693969727,28.631895065307617,79.9436264038086,60.27473068237305,60.983917236328125,33.44224548339844,28.317543029785156,111.2964096069336,65.45692443847656
2022-06-21,133.08140563964844,354.65545654296875,237.0366668701172,34.7370491027832,51.65789794921875,33.151824951171875,29.203304290771484,81.40199279785156,61.80855178833008,62.61125183105469,34.065059661865234,28.856569290161133,114.29263305664062,67.3292236328125
2022-06-22,132.57212829589844,354.012451171875,236.086669921875,34.29093551635742,51.74386215209961,31.824705123901367,29.138160705566406,80.95153045654297,61.546695709228516,62.56661605834961,34.61713409423828,29.160181045532227,115.87744903564453,67.1990737915039
2022-06-23,135.43215942382812,357.482666015625,235.07000732421875,33.82182312011719,52.38373565673828,30.645055770874023,29.02648162841797,80.53861236572266,62.46805191040039,63.78063201904297,35.298614501953125,29.846616744995117,118.4784164428711,68.2547836303711
2022-06-24,138.75259399414062,368.8485107421875,245.7066650390625,35.164764404296875,54.37975311279297,31.048389434814453,30.096708297729492,83.3539810180664,64.7132339477539,65.03033447265625,36.06635665893555,30.36583709716797,120.44540405273438,70.85791015625
2022-06-27,138.75259399414062,367.43951416015625,244.9199981689453,34.875022888183594,53.864044189453125,31.959156036376953,29.994340896606445,83.15690612792969,64.27681732177734,64.85181427001953,35.93695831298828,30.612245559692383,120.89288330078125,70.11553192138672
2022-06-28,134.61920166015625,359.931640625,232.663330078125,34.50248718261719,52.29777526855469,32.82221221923828,29.696544647216797,82.19029998779297,62.35167694091797,63.985939025878906,35.44526672363281,30.497844696044922,118.78604125976562,67.31478118896484
2022-06-29,136.37245178222656,359.6385192871094,228.49000549316406,34.2541389465332,52.46012878417969,31.68159294128418,29.52902603149414,81.71167755126953,62.47773742675781,64.38763427734375,35.22098159790039,30.519845962524414,119.8208236694336,67.26175689697266
2022-06-30,133.9139862060547,356.71673583984375,224.47332763671875,33.849422454833984,51.82981872558594,31.013694763183594,29.268451690673828,81.9650650024414,61.643680572509766,64.4322738647461,35.24685287475586,30.85866355895996,119.55048370361328,66.2735366821289
2022-07-01,136.07861328125,360.48956298828125,227.26333618164062,34.08857345581055,52.355079650878906,31.477745056152344,29.668622970581055,82.67829895019531,61.78430938720703,65.36062622070312,35.87657165527344,31.61549949645996,120.89288330078125,67.49312591552734
2022-07-05,138.65467834472656,361.17041015625,233.06666564941406,33.40330505371094,53.56796646118164,30.228696823120117,29.566253662109375,81.4395523071289,62.5601806640625,64.94107818603516,35.729923248291016,30.537446975708008,120.19371032714844,69.0019760131836
2022-07-06,139.98672485351562,362.3902587890625,231.73333740234375,33.61486053466797,53.57752227783203,29.71259880065918,29.491802215576172,81.90875244140625,63.098445892333984,65.12855529785156,35.70405578613281,30.854263305664062,121.0047607421875,68.7754135131836
2022-07-07,143.34632873535156,367.8177795410156,244.5433349609375,33.9138069152832,54.4179573059082,30.783836364746094,29.91989517211914,82.8753662109375,64.40289306640625,65.19102478027344,35.729923248291016,30.823461532592773,121.51751708984375,70.54939270019531
2022-07-08,144.0221710205078,367.5151672363281,250.76333618164062,33.582664489746094,54.16010284423828,30.77082061767578,29.854751586914062,82.49999237060547,64.4320068359375,65.07498168945312,35.5660285949707,30.72226333618164,121.8810806274414,70.55902862548828
2022-07-11,141.896728515625,363.3168640136719,234.3433380126953,33.490684509277344,52.51744079589844,30.47591209411621,29.61278533935547,81.94629669189453,63.544593811035156,64.98572540283203,35.5660285949707,30.91586685180664,121.57341766357422,68.62598419189453
2022-07-12,142.86639404296875,360.1018981933594,233.07000732421875,33.426307678222656,52.48878860473633,29.881738662719727,29.426658630371094,81.69290924072266,62.67656707763672,64.79825592041016,35.34174346923828,30.766252517700195,120.02590942382812,68.21142578125
2022-07-13,142.50396728515625,358.2107238769531,237.0399932861328,33.23313903808594,52.25002670288086,29.834033966064453,29.166078567504883,80.69812774658203,62.511695861816406,64.84288787841797,35.15196228027344,30.638656616210938,118.8606185913086,68.77059173583984
2022-07-14,145.4228057861328,357.34088134765625,238.31333923339844,32.621463775634766,51.59104919433594,29.27022933959961,28.607698440551758,80.2383041381836,63.083900451660156,64.89644622802734,34.806915283203125,30.638656616210938,118.51569366455078,68.71272277832031
2022-07-15,147.0879364013672,364.1678466796875,240.06666564941406,33.1319580078125,52.91856002807617,29.747299194335938,29.575559616088867,81.4958267211914,64.19438171386719,65.11068725585938,35.367618560791016,30.69585418701172,121.377685546875,69.82147979736328
2022-07-18,144.05157470703125,361.1609802246094,240.54666137695312,33.210147857666016,52.6511344909668,30.428207397460938,29.463882446289062,81.00784301757812,63.57367706298828,64.4769287109375,35.02256774902344,30.26903533935547,118.81398010253906,70.02393341064453
2022-07-19,147.90090942382812,370.9193115234375,245.52999877929688,34.221946716308594,54.523014068603516,31.364994049072266,30.34798812866211,83.8982925415039,65.51338958740234,65.15531921386719,35.98870849609375,30.462644577026367,120.83695983886719,72.16910552978516
2022-07-20,149.8990478515625,373.28314208984375,247.5,34.28173065185547,55.42074966430664,31.66856575012207,30.45965576171875,84.54581451416016,66.53659057617188,64.71792602539062,35.807559967041016,30.05782699584961,119.64369201660156,73.35497283935547
2022-07-21,152.16165161132812,377.0843505859375,271.7066650390625,34.76924133300781,55.392093658447266,31.11343765258789,30.655092239379883,85.15583801269531,67.47248840332031,64.914306640625,36.17848587036133,30.137027740478516,121.53614807128906,75.03253173828125
2022-07-22,150.92745971679688,373.58575439453125,272.24334716796875,34.52088928222656,53.472476959228516,30.857561111450195,30.478271484375,84.88367462158203,66.54143524169922,65.34278106689453,36.45452117919922,30.550643920898438,121.03272247314453,74.59870147705078
2022-07-25,149.81085205078125,374.0395812988281,268.4333190917969,34.66345977783203,53.291011810302734,31.989513397216797,30.673704147338867,85.2872085571289,66.11953735351562,65.66414642333984,36.48040771484375,30.933467864990234,121.66665649414062,73.95755767822266
2022-07-26,148.4886016845703,369.6142883300781,258.8599853515625,34.42890167236328,52.22137451171875,31.698936462402344,30.24561882019043,84.8273696899414,65.0478744506836,65.51239776611328,36.54941940307617,31.11827850341797,122.29125213623047,71.57616424560547
2022-07-27,153.57208251953125,379.2119445800781,274.82000732421875,34.84282684326172,54.42751693725586,32.41453552246094,30.710933685302734,86.1412124633789,67.84586334228516,65.9587173461914,36.74781036376953,31.144672393798828,123.05570220947266,74.28535461425781
2022-07-28,154.12060546875,383.9681091308594,280.8999938964844,35.459102630615234,53.80673599243164,32.5966911315918,30.93428611755371,87.94306182861328,68.87874603271484,67.0120620727539,38.10214614868164,32.2623291015625,123.83875274658203,75.56280517578125
2022-07-29,159.17466735839844,389.5658874511719,297.1499938964844,35.93281936645508,53.835391998291016,34.01054382324219,31.371686935424805,89.75428771972656,69.93588256835938,66.49430847167969,38.24879837036133,32.53953552246094,123.42858123779297,78.49372863769531
2022-08-01,158.19520568847656,388.41229248046875,297.27667236328125,35.6430778503418,53.75898361206055,33.307952880859375,31.11110496520996,89.84813690185547,69.78558349609375,67.32450103759766,37.90373992919922,32.574745178222656,122.51497650146484,78.88420104980469
2022-08-02,156.72596740722656,385.8497619628906,300.586669921875,35.279747009277344,53.67304229736328,33.229888916015625,30.766765594482422,88.9002914428711,69.29095458984375,66.78889465332031,37.403419494628906,32.50873565673828,122.07685089111328,78.34429931640625
2022-08-03,162.7203826904297,391.8919982910156,307.39666748046875,35.3165397644043,54.96232223510742,32.2757568359375,31.232088088989258,89.73552703857422,71.1336669921875,67.22631072998047,37.55869674682617,32.71114730834961,123.1955337524414,80.25325775146484
2022-08-04,162.40696716308594,391.6272888183594,308.6333312988281,35.33952331542969,55.201087951660156,31.078754425048828,31.129716873168945,90.06398010253906,71.45856475830078,66.77997589111328,37.593196868896484,32.781558990478516,122.58956909179688,80.5810546875
2022-08-05,162.1813507080078,390.96533203125,288.1700134277344,35.46370315551758,54.523014068603516,31.694599151611328,31.35306739807129,90.20475769042969,71.293701171875,66.62821960449219,37.713958740234375,32.66274642944336,122.54295349121094,79.2071762084961
2022-08-08,161.71054077148438,390.5114440917969,290.42333984375,35.66147232055664,54.83818054199219,31.859403610229492,31.334447860717773,90.17656707763672,70.68755340576172,66.5925064086914,37.990013122558594,32.71114730834961,122.83197021484375,79.56391143798828
2022-08-09,161.75955200195312,388.9607238769531,283.3333435058594,35.4867057800293,54.30335235595703,32.41887664794922,31.492666244506836,89.84813690185547,69.97953033447266,66.49430847167969,38.29192352294922,33.07636260986328,122.45905303955078,78.29608917236328
2022-08-10,165.996826171875,397.1304626464844,294.3566589355469,36.4939079284668,55.83141326904297,32.653076171875,32.199947357177734,91.81889343261719,71.89014434814453,66.98529815673828,38.809505462646484,33.22157287597656,123.79214477539062,80.50391387939453
2022-08-11,165.26119995117188,397.1304626464844,286.6300048828125,36.61808776855469,55.88871765136719,33.77634811401367,32.581504821777344,92.30691528320312,71.60888671875,66.82460021972656,38.62834167480469,33.21717834472656,122.99042510986328,80.09416961669922
2022-08-12,168.802001953125,403.85345458984375,300.0299987792969,37.307945251464844,56.88195037841797,34.032222747802734,33.09336471557617,93.69581604003906,73.0345687866211,67.40483856201172,39.283935546875,33.758399963378906,124.56592559814453,81.90669250488281
2022-08-15,169.87110900878906,405.51763916015625,309.32000732421875,37.28496170043945,57.082515716552734,33.36866760253906,33.084049224853516,93.9210433959961,73.49525451660156,68.07435607910156,39.45646286010742,34.04001235961914,125.19052124023438,82.4707260131836
2022-08-16,169.71417236328125,406.31195068359375,306.5633239746094,37.49190902709961,57.19711685180664,33.29060363769531,33.326019287109375,94.34335327148438,73.29642486572266,68.84202575683594,39.30119323730469,34.13682174682617,124.85492706298828,83.3818130493164
2022-08-17,171.2050323486328,403.427978515625,303.9966735839844,36.976810455322266,56.08927536010742,33.56817626953125,33.15850067138672,93.59256744384766,72.77271270751953,68.64563751220703,39.189048767089844,34.079612731933594,124.1277847290039,82.48518371582031
2022-08-18,170.8126983642578,404.60052490234375,302.8699951171875,37.091793060302734,56.003318786621094,34.470272064208984,33.19572067260742,93.96796417236328,73.15095520019531,68.87773895263672,38.92163848876953,34.207218170166016,123.57774353027344,82.46106719970703
2022-08-19,168.2331085205078,399.1634216308594,296.6666564941406,36.4111213684082,55.09602737426758,34.46158218383789,32.534976959228516,92.7573471069336,71.822265625,68.65455627441406,38.54208755493164,34.189613342285156,123.9133529663086,80.75940704345703
2022-08-22,164.3588104248047,390.8518981933594,289.913330078125,35.831634521484375,53.52022171020508,34.396541595458984,31.818391799926758,90.9930419921875,69.81950378417969,67.95829010009766,37.739845275878906,33.723201751708984,122.29125213623047,78.51782989501953
2022-08-23,164.02532958984375,389.9062805175781,296.4533386230469,36.185768127441406,53.06180953979492,35.63690185546875,31.688108444213867,91.1619644165039,69.63526153564453,67.66368865966797,37.17051315307617,33.520790100097656,120.58527374267578,78.73957824707031
2022-08-24,164.31954956054688,391.1544189453125,297.0966796875,36.26395034790039,53.3769645690918,36.0749397277832,31.855609893798828,91.4622802734375,69.67890167236328,67.83330535888672,37.463802337646484,33.62639236450195,120.73441314697266,79.07701110839844
2022-08-25,166.77169799804688,396.6766357421875,296.07000732421875,37.087196350097656,54.4179573059082,36.352500915527344,32.348854064941406,92.86058044433594,70.85726928710938,68.1457290649414,38.0417594909668,33.83319854736328,122.0675277709961,80.0218505859375
2022-08-26,160.4844970703125,383.24945068359375,288.0899963378906,35.95120620727539,52.67979049682617,35.9274787902832,31.380996704101562,89.64167022705078,67.83132934570312,66.4586181640625,37.075618743896484,33.31399154663086,118.66484832763672,76.97522735595703
2022-08-29,158.2874298095703,380.71539306640625,284.82000732421875,35.69826126098633,52.26913070678711,36.469600677490234,31.157630920410156,89.23812866210938,66.9342269897461,66.35149383544922,36.75645065307617,33.41518783569336,117.83516693115234,76.56549835205078
2022-08-30,155.86477661132812,376.53594970703125,277.70001220703125,35.11417007446289,51.81070327758789,35.23356246948242,30.990114212036133,87.95244598388672,66.23591613769531,65.66414642333984,36.230255126953125,32.92676544189453,117.05207824707031,75.7122573852539
2022-08-31,154.20716857910156,373.67083740234375,275.6099853515625,34.68186950683594,51.93486785888672,34.912635803222656,30.757461547851562,87.2110595703125,65.59097290039062,65.262451171875,36.10086441040039,32.71114730834961,116.30628204345703,74.96502685546875
2022-09-01,154.93299865722656,374.8432922363281,277.1600036621094,34.2265510559082,52.41238784790039,34.05390548706055,30.850528717041016,87.33307647705078,65.27090454101562,65.62844848632812,36.230255126953125,33.181976318359375,118.2173843383789,75.64957427978516
2022-09-02,152.82411193847656,370.89080810546875,270.2099914550781,34.1943473815918,51.41914749145508,34.67843246459961,30.608556747436523,86.48844146728516,64.42229461669922,64.77147674560547,35.609161376953125,32.825557708740234,116.52069854736328,74.95542907714844
2022-09-06,151.56871032714844,369.4914855957031,274.4200134277344,34.08857345581055,50.77927017211914,34.35749816894531,30.53411293029785,86.62921905517578,63.99555969238281,64.40548706054688,35.98008728027344,32.90916061401367,116.63256072998047,74.80113220214844
2022-09-07,152.97128295898438,376.1292724609375,283.70001220703125,35.03139114379883,51.80115509033203,33.95849609375,31.139026641845703,88.01812744140625,65.01875305175781,65.56594848632812,36.67019271850586,33.938804626464844,118.53431701660156,77.09575653076172
2022-09-08,151.5000457763672,378.5877685546875,289.260009765625,35.371726989746094,51.677005767822266,34.10594940185547,31.688108444213867,88.28089904785156,65.24181365966797,65.39635467529297,36.773704528808594,33.912410736083984,120.59458923339844,77.81401824951172
2022-09-09,154.3542938232422,384.4692077636719,299.67999267578125,35.90522003173828,53.119110107421875,34.955997467041016,31.976594924926758,89.42581939697266,66.53173065185547,66.0390625,37.12738037109375,34.04881286621094,121.65735626220703,79.28911590576172
2022-09-12,160.29815673828125,388.60137939453125,304.4200134277344,36.24094772338867,53.39607620239258,35.597869873046875,32.23716735839844,89.96075439453125,67.59855651855469,66.29794311523438,37.43791961669922,34.37443161010742,122.46836853027344,80.31109619140625
2022-09-13,150.8919219970703,371.70404052734375,292.1300048828125,34.948604583740234,50.464111328125,34.70011901855469,31.03665542602539,86.57291412353516,64.0101089477539,64.08413696289062,36.01458740234375,33.459190368652344,118.4224624633789,76.17019653320312
2022-09-14,152.333740234375,373.12249755859375,302.6099853515625,34.52088928222656,50.55006408691406,35.68027114868164,30.943592071533203,86.40397644042969,64.24287414550781,64.0573501586914,35.57466125488281,33.73199462890625,118.48770904541016,77.1487808227539
2022-09-15,149.45005798339844,368.8862609863281,303.75,34.065582275390625,50.33040237426758,34.760841369628906,31.04596710205078,85.50305938720703,62.76385498046875,63.521766662597656,34.79829025268555,32.891571044921875,119.14960479736328,76.75349426269531
2022-09-16,147.81210327148438,366.0720520019531,303.3500061035156,33.52748489379883,49.79558181762695,34.01921844482422,30.766765594482422,83.71998596191406,62.41472244262695,63.67351150512695,34.806915283203125,32.76835250854492,118.81398010253906,76.13646697998047
2022-09-19,151.51962280273438,368.910888671875,309.07000732421875,34.08249282836914,50.08270263671875,34.03938293457031,31.115718841552734,84.85623931884766,62.92369079589844,64.09669494628906,34.740753173828125,33.20737075805664,118.173828125,77.21369171142578
2022-09-20,153.89324951171875,364.6763916015625,308.7300109863281,33.43498229980469,49.3074836730957,33.802635192871094,30.65731430053711,83.80013275146484,62.554222106933594,63.74628448486328,33.82676315307617,32.72449493408203,116.78858184814453,75.90458679199219
2022-09-21,150.77420043945312,358.3150329589844,300.79998779296875,32.7042121887207,48.10158920288086,33.30721664428711,30.021154403686523,82.68744659423828,61.57713317871094,63.50371551513672,33.33058166503906,32.277069091796875,114.85115051269531,74.10755157470703
2022-09-22,149.81298828125,355.30523681640625,288.5899963378906,32.31107711791992,47.92932891845703,33.188838958740234,29.515968322753906,81.44276428222656,60.95002365112305,63.41386413574219,33.017215728759766,32.161888122558594,115.45952606201172,72.39749145507812
2022-09-23,147.54725646972656,349.35211181640625,275.3299865722656,31.649688720703125,47.00098419189453,30.9002628326416,29.048202514648438,79.91517639160156,60.15278244018555,62.33570098876953,32.60809326171875,31.78976058959961,114.86988067626953,70.73091125488281
2022-09-26,147.8807373046875,345.8962097167969,276.010009765625,31.136289596557617,46.23533630371094,30.141782760620117,28.589792251586914,79.0759506225586,59.73471450805664,62.38060760498047,31.72890281677246,31.02336311340332,113.77482604980469,70.5715103149414
2022-09-27,148.85177612304688,345.0131530761719,282.94000244140625,31.205677032470703,45.98651123046875,30.47936248779297,28.468172073364258,78.81192779541016,59.81250762939453,61.30246353149414,31.311080932617188,30.500633239746094,113.42852020263672,70.79370880126953
2022-09-28,146.96856689453125,351.80169677734375,287.80999755859375,32.01044464111328,47.55607604980469,31.8297119140625,29.02949333190918,80.54694366455078,60.4444465637207,62.039207458496094,31.903003692626953,30.82844352722168,115.9087905883789,72.7066650390625
2022-09-29,139.7495880126953,344.45306396484375,268.2099914550781,31.538684844970703,46.39803695678711,31.8297119140625,28.66463279724121,79.1513671875,58.869422912597656,61.014957427978516,31.015117645263672,29.59247589111328,114.93541717529297,70.19471740722656
2022-09-30,135.55165100097656,339.12646484375,265.25,31.455434799194336,45.83338165283203,31.57543182373047,28.402687072753906,78.1141357421875,57.74162292480469,59.95476531982422,31.345895767211914,29.021005630493164,113.35362243652344,68.81314086914062
2022-10-03,139.7201690673828,348.07989501953125,242.39999389648438,32.47758483886719,47.1158332824707,33.35982131958008,29.16982078552246,80.47151947021484,59.530540466308594,60.98799514770508,31.929119110107422,29.871566772460938,115.68416595458984,68.8807601928711
2022-10-04,143.3002471923828,358.8656311035156,249.44000244140625,33.67086410522461,48.56098556518555,34.79347610473633,30.255037307739258,83.2720718383789,61.52851486206055,61.91341781616211,32.433998107910156,30.505056381225586,118.37035369873047,71.28644561767578
2022-10-05,143.594482421875,358.0301818847656,240.80999755859375,33.291603088378906,48.18772888183594,35.51249313354492,30.021154403686523,82.81947326660156,61.7326774597168,61.55402755737305,31.8333683013916,29.827266693115234,118.76345825195312,70.86616516113281
2022-10-06,142.64305114746094,354.3368225097656,238.1300048828125,32.94009780883789,47.92932891845703,36.14382553100586,29.60016441345215,81.8670883178711,61.227115631103516,60.655555725097656,30.788789749145508,28.84380531311035,117.24723052978516,70.3637924194336
2022-10-07,137.40541076660156,344.45306396484375,223.07000732421875,32.12607192993164,46.63730239868164,35.86323928833008,28.89851951599121,80.30178833007812,58.70899963378906,59.748104095458984,30.057584762573242,28.245752334594727,114.76693725585938,67.94358825683594
2022-10-10,137.72906494140625,341.8229675292969,222.9600067138672,32.19544982910156,46.512882232666016,35.12668228149414,28.767545700073242,80.58467102050781,57.72216033935547,59.96372985839844,29.718103408813477,28.294485092163086,114.0462417602539,67.5233383178711
2022-10-11,136.31668090820312,339.658203125,216.5,31.945688247680664,45.6419677734375,34.84609603881836,28.402687072753906,80.5658187866211,56.837432861328125,60.45789337158203,29.996658325195312,28.19259262084961,114.65460968017578,66.97264099121094
2022-10-12,135.68893432617188,338.537841796875,217.24000549316406,31.705188751220703,45.58454513549805,35.12668228149414,28.337202072143555,79.93402862548828,56.66242599487305,60.781341552734375,29.596242904663086,27.253429412841797,114.09302520751953,67.14655303955078
2022-10-13,140.24984741210938,347.47222900390625,221.72000122070312,32.63482666015625,46.68515396118164,36.560333251953125,29.50661277770996,81.69737243652344,58.42218780517578,61.787628173828125,30.15334129333496,27.935651779174805,116.75115203857422,67.88082122802734
2022-10-14,135.7281951904297,339.5536804199219,204.99000549316406,31.534061431884766,45.91950225830078,35.19682693481445,29.010784149169922,79.9057388305664,56.77909851074219,60.67353057861328,29.396028518676758,27.53252410888672,115.96495819091797,65.34471130371094
2022-10-17,139.68096923828125,348.27923583984375,219.35000610351562,32.32032775878906,47.18281555175781,35.63525390625,29.740493774414062,81.65019226074219,58.50969314575195,61.32941436767578,30.492828369140625,28.108421325683594,117.82749938964844,67.99674224853516
2022-10-18,140.9953155517578,352.3714599609375,220.19000244140625,32.95396423339844,47.53693389892578,35.946537017822266,30.217613220214844,83.6209945678711,59.00552749633789,62.12904739379883,30.89324951171875,28.62230110168457,118.482666015625,68.93389892578125
2022-10-19,141.10317993164062,349.8743591308594,222.0399932861328,32.565460205078125,47.57521438598633,37.007530212402344,29.721784591674805,83.02691650390625,58.83538818359375,61.84153366088867,30.118528366088867,28.250186920166016,116.8260498046875,68.16099548339844
2022-10-20,140.64215087890625,346.9404602050781,207.27999877929688,32.3295783996582,47.6900634765625,37.04259490966797,29.24466323852539,81.39561462402344,58.869422912597656,60.9790153503418,29.970539093017578,27.536951065063477,115.83393859863281,66.84220123291016
2022-10-21,144.4477996826172,355.3717346191406,214.44000244140625,33.44886016845703,47.99632263183594,38.112361907958984,30.11470603942871,83.63040161132812,60.4444465637207,61.91341781616211,30.179452896118164,28.046405792236328,118.43587493896484,68.78897857666016
2022-10-24,146.58602905273438,359.72021484375,211.25,33.25460433959961,48.3312873840332,38.292110443115234,30.516977310180664,84.74308776855469,61.28058624267578,63.027503967285156,30.162050247192383,28.281192779541016,120.71963500976562,69.07400512695312
2022-10-25,149.42063903808594,365.46441650390625,222.4199981689453,34.0778694152832,49.61375045776367,38.331573486328125,30.881839752197266,85.8840560913086,62.4521484375,63.854103088378906,31.35460662841797,28.84823226928711,121.6368408203125,70.80337524414062
2022-10-26,146.4879913330078,362.71099853515625,224.63999938964844,34.31837463378906,48.04417419433594,38.853309631347656,30.956676483154297,86.18579864501953,61.061832427978516,64.2763900756836,31.293670654296875,28.83493995666504,122.9845962524414,70.23334503173828
2022-10-27,142.02516174316406,360.77410888671875,225.08999633789062,34.23050308227539,45.76638412475586,38.99359893798828,31.209274291992188,87.19477081298828,60.366676330566406,64.3302993774414,31.311080932617188,29.065305709838867,122.33879852294922,69.96285247802734
2022-10-28,152.75552368164062,369.357177734375,228.52000427246094,34.572757720947266,46.92441940307617,39.129512786865234,31.985755920410156,89.22212219238281,62.991737365722656,65.74089813232422,32.050987243652344,29.862707138061523,124.35111236572266,70.02562713623047
2022-10-31,150.40147399902344,366.689208984375,227.5399932861328,34.262874603271484,46.13964080810547,39.45832443237305,31.789308547973633,88.96749114990234,62.16046905517578,65.35454559326172,31.97264862060547,29.583620071411133,124.24816131591797,69.57637786865234
2022-11-01,147.76303100585938,365.08465576171875,227.82000732421875,34.35075378417969,45.84294509887695,39.83976745605469,31.873502731323242,88.88265991210938,61.640316009521484,65.14788818359375,31.92041015625,29.698795318603516,124.32305145263672,68.8711166381836
2022-11-02,142.250732421875,355.92236328125,214.97999572753906,33.45810317993164,44.55091094970703,38.87960433959961,31.471220016479492,87.3173599243164,59.51110076904297,64.01582336425781,31.084753036499023,29.410842895507812,122.2077865600586,66.26736450195312
2022-11-03,136.21861267089844,352.2574462890625,215.30999755859375,33.712486267089844,43.45988082885742,39.598628997802734,31.15314483642578,88.23200988769531,57.76106643676758,63.8001823425293,31.06734275817871,29.539316177368164,121.69302368164062,65.8712387084961
2022-11-04,135.95330810546875,357.3276062011719,207.47000122070312,34.88263702392578,43.756568908691406,40.08089065551758,31.72381591796875,89.64643096923828,58.815948486328125,64.55489349365234,31.502580642700195,29.720947265625,122.4323959350586,66.42194366455078
2022-11-07,136.48387145996094,360.7456359863281,197.0800018310547,35.1555290222168,44.541351318359375,40.76921844482422,32.041893005371094,90.60823059082031,59.797916412353516,65.12992858886719,31.493873596191406,29.153902053833008,123.74275970458984,65.95819854736328
2022-11-08,137.05369567871094,362.6919860839844,191.3000030517578,35.761417388916016,44.58920669555664,40.808677673339844,32.229007720947266,91.40031433105469,60.37154006958008,65.31858825683594,31.685380935668945,29.35768699645996,124.36045837402344,65.79395294189453
2022-11-09,132.50489807128906,355.21978759765625,177.58999633789062,35.18327713012695,43.98625946044922,38.813838958740234,31.686397552490234,90.12734985351562,58.80137252807617,64.60882568359375,31.337194442749023,29.1273250579834,123.02205657958984,63.78437805175781
2022-11-10,144.29446411132812,374.7406311035156,190.72000122070312,37.13045120239258,46.64687728881836,39.67753982543945,33.286155700683594,93.90858459472656,63.6334114074707,66.1272201538086,33.73971176147461,30.500633239746094,126.14814758300781,68.44599914550781
2022-11-11,147.07479858398438,378.3675231933594,195.97000122070312,37.57908630371094,47.87189483642578,40.830596923828125,33.557456970214844,93.85201263427734,64.72232818603516,66.05535125732422,33.7223014831543,30.159521102905273,124.60382843017578,70.08842468261719
2022-11-14,145.6797332763672,375.1488952636719,190.9499969482422,37.52821350097656,47.68049240112305,40.81745147705078,33.08033752441406,93.27680206298828,64.16815185546875,65.53425598144531,32.825706481933594,29.800687789916992,124.71614837646484,68.97737884521484
2022-11-15,147.4088592529297,378.3484802246094,194.4199981689453,37.47270965576172,48.38871383666992,41.24710464477539,33.15517807006836,93.91800689697266,64.94593811035156,66.08230590820312,33.23482894897461,30.128511428833008,124.55703735351562,69.91936492919922
2022-11-16,146.18075561523438,375.4621887207031,186.9199981689453,37.10731887817383,47.91019058227539,40.405330657958984,32.99613571166992,93.23908233642578,64.05635070800781,66.40574645996094,32.99979782104492,30.398738861083984,124.50089263916016,68.85177612304688
2022-11-17,148.076904296875,374.3133239746094,183.1699981689453,36.75118637084961,47.546504974365234,40.493019104003906,32.818389892578125,93.07878112792969,64.13898468017578,66.38776397705078,32.70383834838867,29.867137908935547,124.44473266601562,68.01605987548828
2022-11-18,148.63693237304688,376.0128479003906,180.19000244140625,36.99631881713867,47.402950286865234,40.17295837402344,33.089683532714844,93.76715850830078,64.2118911743164,67.09757232666016,33.121673583984375,30.500633239746094,125.95162963867188,68.10786437988281
2022-11-21,145.4144744873047,374.64569091796875,167.8699951171875,37.12120056152344,47.01055145263672,39.62931823730469,33.19260025024414,94.06887817382812,63.521610260009766,67.73548889160156,33.356693267822266,30.637958526611328,126.00776672363281,67.12240600585938
2022-11-22,147.54640197753906,379.68731689453125,169.91000366210938,37.96296691894531,47.70920181274414,40.87006378173828,33.52938461303711,94.79496002197266,64.75149536132812,68.22964477539062,33.52208709716797,30.89933967590332,127.10282897949219,67.88082122802734
2022-11-23,148.4208221435547,382.0798645019531,183.1999969482422,38.1109733581543,48.31214904785156,40.42724609375,33.66971206665039,95.15327453613281,65.32512664794922,68.46324157714844,33.57432174682617,31.244871139526367,127.6082534790039,68.8614273071289
2022-11-25,145.51271057128906,381.99444580078125,182.86000061035156,38.09709548950195,48.04417419433594,40.27819061279297,33.78199005126953,95.52103424072266,64.94593811035156,68.50817108154297,33.77452850341797,31.426502227783203,128.36634826660156,68.90008544921875
2022-11-28,141.69094848632812,375.89892578125,182.9199981689453,37.24607849121094,47.27853012084961,39.1733512878418,33.20195388793945,93.78599548339844,63.55564498901367,68.24761199951172,32.825706481933594,31.103107452392578,127.4023666381836,68.47498321533203
2022-11-29,138.69439697265625,375.2532653808594,180.8300018310547,37.37095642089844,47.29767608642578,39.765220642089844,33.39841842651367,94.3612060546875,62.933414459228516,67.98706817626953,33.374107360839844,30.872751235961914,127.08409881591797,68.25760650634766
2022-11-30,145.43411254882812,387.0738830566406,194.6999969482422,38.272857666015625,49.297916412353516,39.96251678466797,33.969093322753906,95.91706848144531,66.09320831298828,69.35272216796875,34.157535552978516,31.64357566833496,130.11660766601562,70.61013793945312
2022-12-01,145.70919799804688,386.7890930175781,194.6999969482422,38.31909942626953,49.58503341674805,39.830997467041016,33.77262878417969,95.94535064697266,66.18555450439453,69.03826141357422,34.08789825439453,31.616985321044922,130.4910125732422,70.60049438476562
2022-12-02,145.2179718017578,386.3428955078125,194.86000061035156,38.739990234375,49.70945358276367,39.594242095947266,33.61359405517578,96.49227905273438,65.801513671875,69.35272216796875,33.92251968383789,31.46636390686035,130.82794189453125,70.50870513916016
2022-12-05,144.05865478515625,379.3929443359375,182.4499969482422,37.97221755981445,48.92466354370117,38.41926193237305,32.780975341796875,94.87982940673828,64.70774841308594,68.48121643066406,33.347991943359375,31.2891788482666,129.57374572753906,68.47498321533203
2022-12-06,140.4038848876953,373.9240417480469,179.82000732421875,37.63459396362305,47.517791748046875,37.406494140625,32.490962982177734,93.75769805908203,63.32228088378906,68.0589370727539,33.095558166503906,31.484094619750977,128.5909881591797,67.40738677978516
2022-12-07,138.46849060058594,373.2879638671875,174.0399932861328,37.551334381103516,47.27853012084961,37.31880187988281,32.359981536865234,93.6351318359375,63.0014762878418,68.34645080566406,33.16519546508789,31.33789825439453,129.64865112304688,67.00163269042969
2022-12-08,140.14845275878906,376.2121887207031,173.44000244140625,37.828834533691406,47.18281555175781,37.1522102355957,32.38804626464844,94.19146728515625,64.03204345703125,68.71480560302734,33.408931732177734,31.54167938232422,130.81858825683594,67.64893341064453
2022-12-09,139.6670684814453,373.40191650390625,179.0500030517578,37.4542121887207,47.31680679321289,36.24905014038086,32.3038444519043,93.41825103759766,63.638267517089844,68.18473052978516,33.339290618896484,31.37777328491211,129.1432342529297,67.3542709350586
2022-12-12,141.9561767578125,378.7852783203125,167.82000732421875,37.77796936035156,47.6900634765625,37.2004280090332,32.73419189453125,95.02125549316406,65.02859497070312,68.90350341796875,33.61784362792969,32.09543228149414,130.51907348632812,67.5233383178711
2022-12-13,142.9190216064453,381.6526184082031,160.9499969482422,38.30060958862305,48.49398422241211,37.906307220458984,32.818389892578125,95.37957763671875,65.79667663574219,68.80467224121094,34.357757568359375,32.192893981933594,130.9215545654297,67.5233383178711
2022-12-14,140.6986541748047,379.2125244140625,156.8000030517578,37.888973236083984,47.862327575683594,37.67393493652344,32.40675354003906,95.2004165649414,65.24250030517578,68.75973510742188,34.02696228027344,32.15302276611328,131.12742614746094,67.02096557617188
2022-12-15,134.10630798339844,369.93634033203125,157.6699981689453,36.7326774597168,45.996070861816406,37.445945739746094,31.770591735839844,92.89962005615234,62.80215835571289,67.59172058105469,33.635257720947266,31.7631778717041,128.72206115722656,65.91956329345703
2022-12-16,132.15118408203125,365.5687561035156,150.22999572753906,36.575435638427734,45.98651123046875,36.98561096191406,31.527360916137695,92.50357818603516,61.97088623046875,67.2593002319336,32.642906188964844,31.222721099853516,126.85012817382812,64.68773651123047
2022-12-19,130.0487060546875,362.4688720703125,149.8699951171875,36.10014724731445,44.91004180908203,36.98117446899414,31.4426212310791,92.01658630371094,61.14453887939453,67.21676635742188,32.256431579589844,31.098562240600586,126.37644958496094,63.6491813659668
2022-12-20,129.97994995117188,362.96484375,137.8000030517578,36.337554931640625,45.217063903808594,37.53927993774414,31.574424743652344,92.13029479980469,61.23716735839844,67.1624755859375,32.186004638671875,31.10748863220215,126.34827423095703,62.9080696105957
2022-12-21,133.07470703125,368.39215087890625,137.57000732421875,36.65410232543945,45.8119010925293,38.25242233276367,32.0639533996582,93.86412048339844,62.25120162963867,67.83209991455078,32.51173782348633,31.540712356567383,128.01173400878906,63.91077423095703
2022-12-22,129.9111785888672,363.1365966796875,125.3499984741211,36.30032730102539,45.41852569580078,37.3709602355957,31.781530380249023,92.67031860351562,60.681396484375,67.67826843261719,32.35326385498047,31.34867286682129,127.83314514160156,62.26866912841797
2022-12-23,129.54766845703125,365.2254333496094,123.1500015258789,36.551692962646484,45.859859466552734,38.56247329711914,31.960399627685547,93.21984100341797,60.744773864746094,68.03117370605469,32.6437873840332,31.670244216918945,127.9083480834961,62.69492721557617
2022-12-27,127.74977111816406,363.78515625,109.0999984741211,36.58427429199219,45.44731521606445,38.97441482543945,31.95098304748535,93.50409698486328,60.16949462890625,68.35696411132812,32.61737823486328,31.866756439208984,127.57942962646484,61.67771911621094
2022-12-28,123.8297348022461,359.2641296386719,112.70999908447266,36.02567672729492,44.78532028198242,38.1018180847168,31.838024139404297,92.28187561035156,59.199337005615234,67.50634002685547,32.09796142578125,31.56304931640625,126.75239562988281,61.1594123840332
2022-12-29,127.33714294433594,365.73101806640625,121.81999969482422,36.41670227050781,46.02296447753906,38.50046920776367,32.28047180175781,93.4188232421875,60.749637603759766,67.79591369628906,32.811058044433594,31.790828704833984,128.1339111328125,62.73367691040039
2022-12-30,127.65150451660156,364.76763916015625,123.18000030517578,36.160667419433594,46.042152404785156,38.744083404541016,32.19574737548828,93.04931640625,60.66676712036133,67.46109771728516,32.51173782348633,31.48712730407715,127.67340087890625,62.564144134521484
2023-01-03,122.87673950195312,363.2319641113281,108.0999984741211,36.1234245300293,46.636985778808594,37.38425827026367,32.308712005615234,93.24829864501953,60.09149932861328,67.20769500732422,32.63498306274414,31.48712730407715,127.30690002441406,62.19116973876953
2023-01-04,124.14411926269531,366.0362243652344,113.63999938964844,36.75185775756836,47.510047912597656,37.379817962646484,32.82647705078125,94.07256317138672,60.24750518798828,67.47014617919922,33.3832893371582,31.772964477539062,127.64517974853516,63.0921516418457
2023-01-05,122.82762145996094,361.8585205078125,110.33999633789062,36.16997528076172,47.57720947265625,38.06195831298828,32.58172607421875,93.05878448486328,59.07746887207031,66.79145812988281,32.406089782714844,31.085161209106445,126.33883666992188,62.506011962890625
2023-01-06,127.34695434570312,370.1566467285156,113.05999755859375,37.41288375854492,48.35433578491211,38.7839469909668,33.30658721923828,95.6074447631836,60.808162689208984,68.57412719726562,33.34807586669922,31.71043586730957,127.50423431396484,63.973751068115234
2023-01-09,127.86763763427734,369.9468078613281,119.7699966430664,37.65029525756836,48.43108367919922,38.646644592285156,33.18421936035156,95.18108367919922,61.51504898071289,67.90449523925781,33.330474853515625,31.924814224243164,125.37085723876953,64.36123657226562
2023-01-10,128.43746948242188,372.5411682128906,118.8499984741211,38.027347564697266,49.16024398803711,38.9212646484375,33.37248611450195,95.70218658447266,61.89530944824219,67.81401824951172,33.427310943603516,31.933746337890625,126.42345428466797,65.17017364501953
2023-01-11,131.14907836914062,377.2530822753906,123.22000122070312,38.623199462890625,49.515220642089844,39.04085922241211,33.683143615722656,96.62120819091797,62.967857360839844,67.85020446777344,34.642208099365234,32.192787170410156,127.13771057128906,66.92852020263672
2023-01-12,131.0705108642578,378.6265563964844,123.55999755859375,38.76751708984375,50.06208419799805,39.78499984741211,33.74905014038086,97.18968963623047,63.43586349487305,67.31629943847656,35.029571533203125,31.973939895629883,126.73359680175781,67.0399398803711
2023-01-13,132.39683532714844,380.095458984375,122.4000015258789,39.004920959472656,50.22518539428711,39.84257507324219,34.00322723388672,97.07599639892578,63.61625671386719,67.63301849365234,34.827091217041016,31.85782814025879,127.29747009277344,67.6696548461914
2023-01-17,133.55612182617188,379.39910888671875,131.49000549316406,38.613895416259766,49.755069732666016,39.92673110961914,33.77729415893555,96.25169372558594,63.90388870239258,67.67826843261719,34.83589553833008,31.81315803527832,126.70541381835938,67.71809387207031
2023-01-18,132.8389434814453,373.40924072265625,128.77999877929688,38.06925582885742,49.15064239501953,39.19588088989258,33.14655303955078,94.44207000732422,63.079994201660156,65.83223724365234,34.29886245727539,31.049428939819336,124.91975402832031,66.83650970458984
2023-01-19,132.89785766601562,370.6908264160156,127.16999816894531,37.775978088378906,49.40008544921875,39.68311309814453,32.76058578491211,92.49980163574219,62.34383010864258,65.20787048339844,34.131591796875,30.73679542541504,125.22051239013672,65.72723388671875
2023-01-20,135.4522705078125,377.596435546875,133.4199981689453,38.534759521484375,50.94473648071289,40.07733917236328,33.27835464477539,93.788330078125,64.0306625366211,65.71461486816406,34.52775573730469,30.919912338256836,125.85017395019531,67.32088470458984
2023-01-23,138.63546752929688,382.1270751953125,143.75,38.660438537597656,51.83699417114258,40.1304931640625,33.66432571411133,94.81158447265625,65.48831176757812,65.9227523803711,34.62460708618164,30.928842544555664,126.2824935913086,68.37201690673828
2023-01-24,140.03054809570312,381.71697998046875,143.88999938964844,38.683712005615234,51.69308853149414,39.9754638671875,33.683143615722656,95.43689727783203,65.45907592773438,66.19422912597656,34.77426528930664,31.085161209106445,125.44606018066406,68.29452514648438
2023-01-25,139.37229919433594,381.85992431640625,144.42999267578125,38.76285171508789,51.87537384033203,39.979888916015625,33.94674301147461,94.90631866455078,65.32257080078125,66.35710906982422,34.809471130371094,30.665332794189453,125.4836654663086,68.64328002929688
2023-01-26,141.43545532226562,386.05682373046875,160.27000427246094,38.94906234741211,52.681270599365234,41.242279052734375,34.1256103515625,95.42742919921875,66.36587524414062,66.12183380126953,35.20564270019531,30.76805877685547,125.71859741210938,70.04801940917969
2023-01-27,143.3709259033203,386.9438171386719,177.89999389648438,38.82337951660156,53.04585647583008,40.40953826904297,34.1256103515625,95.82535552978516,66.64373779296875,65.93179321289062,35.5225715637207,30.76805877685547,124.86334991455078,71.63682556152344
2023-01-30,140.49234008789062,382.0888977050781,166.66000366210938,38.55803680419922,52.211158752441406,39.48380661010742,33.95615768432617,94.88738250732422,65.37132263183594,66.01323699951172,35.091190338134766,30.629606246948242,123.73560333251953,70.41614532470703
2023-01-31,141.75970458984375,387.7068786621094,173.22000122070312,39.4052619934082,52.844383239746094,39.833717346191406,34.41743850708008,96.498046875,66.28298950195312,66.72811126708984,35.733863830566406,30.857379913330078,125.3332748413086,72.02918243408203
2023-02-01,142.87969970703125,391.827392578125,181.41000366210938,39.665931701660156,53.467994689941406,39.04970932006836,34.41743850708008,97.19915008544922,67.84304809570312,67.26202392578125,35.997962951660156,30.910974502563477,125.92535400390625,73.3951644897461
2023-02-02,148.17520141601562,397.5311584472656,188.27000427246094,39.540260314941406,56.97944259643555,38.159400939941406,34.51158142089844,97.95711517333984,69.69560241699219,66.6828842163086,36.825504302978516,30.977970123291016,125.07012176513672,75.64275360107422
2023-02-03,151.7906494140625,393.3057861328125,189.97999572753906,38.82803726196289,55.83773422241211,38.075233459472656,34.445682525634766,97.44550323486328,69.1154556274414,66.42046356201172,36.05958557128906,30.33036994934082,124.70358276367188,73.31282043457031
2023-02-06,149.06922912597656,390.9021301269531,194.75999450683594,38.399757385253906,55.1661491394043,37.902496337890625,34.4362678527832,97.2086410522461,68.27204895019531,66.50188446044922,35.8306884765625,30.58940315246582,124.00814056396484,73.20626068115234
2023-02-07,151.93804931640625,396.0146484375,196.80999755859375,38.91647720336914,56.19272232055664,39.133872985839844,34.831661224365234,97.51182556152344,69.9783706665039,66.22136688232422,35.68983840942383,30.576005935668945,124.80697631835938,73.37576293945312
2023-02-08,149.25587463378906,391.684326171875,201.2899932861328,38.60458755493164,54.427398681640625,38.7839469909668,34.62454605102539,96.96229553222656,69.13495635986328,65.71461486816406,35.59299087524414,30.06239128112793,124.44046020507812,72.75092315673828
2023-02-09,148.2242889404297,388.28875732421875,207.32000732421875,38.04597473144531,53.23773956298828,38.45173645019531,34.238582611083984,96.09065246582031,68.75468444824219,65.42505645751953,35.249656677246094,29.6514892578125,123.35026550292969,72.61528778076172
2023-02-10,148.58836364746094,389.1948547363281,196.88999938964844,38.18562698364258,52.729244232177734,39.95774459838867,34.35155487060547,96.7728042602539,68.43782806396484,66.03133392333984,35.32008361816406,30.24103355407715,124.5156478881836,71.76276397705078
2023-02-13,151.38284301757812,393.7636413574219,194.63999938964844,38.38579559326172,53.47758865356445,39.85586166381836,34.74692916870117,97.6539306640625,69.62248229980469,66.78241729736328,35.64582443237305,30.424156188964844,125.5494155883789,72.81389617919922
2023-02-14,150.74325561523438,393.5823669433594,209.25,38.4742431640625,53.49677276611328,39.86915969848633,34.55864334106445,97.38865661621094,69.91987609863281,66.17611694335938,35.27607345581055,30.294635772705078,124.80697631835938,73.68580627441406
2023-02-15,152.839111328125,394.8604736328125,214.24000549316406,38.641822814941406,53.98607635498047,39.19145202636719,34.5963134765625,97.9950180053711,70.24649810791016,66.30279541015625,35.37290954589844,30.491146087646484,124.18671417236328,74.54802703857422
2023-02-16,151.24508666992188,389.4237365722656,202.0399932861328,38.20425033569336,53.160987854003906,38.80610275268555,34.24799346923828,96.98125457763672,69.0277099609375,65.82320404052734,35.047176361083984,30.25890350341797,122.94615173339844,72.92046356201172
2023-02-17,150.1036834716797,388.45086669921875,208.30999755859375,37.84581756591797,53.10340881347656,37.424102783203125,34.25740051269531,97.61602783203125,68.1648178100586,66.67382049560547,34.87110137939453,30.584938049316406,124.04573059082031,72.93499755859375
2023-02-21,146.0989227294922,380.6582336425781,197.3699951171875,37.222023010253906,51.93294143676758,37.23808670043945,33.55135726928711,95.38004302978516,66.54623413085938,66.42046356201172,34.184425354003906,30.01325798034668,122.43865203857422,70.49849700927734
2023-02-22,146.5220489501953,380.1335754394531,200.86000061035156,37.5013313293457,52.03847122192383,36.99003982543945,33.513702392578125,95.1431884765625,66.44873809814453,66.32091522216797,33.876285552978516,29.897136688232422,122.025146484375,70.8569564819336
2023-02-23,147.00418090820312,382.1556701660156,202.07000732421875,37.5432243347168,51.79861831665039,37.54814910888672,33.54195022583008,95.5884780883789,67.55052947998047,66.23946380615234,34.2020263671875,29.74081802368164,122.35404205322266,70.79883575439453
2023-02-24,144.35731506347656,378.0733642578125,196.8800048828125,37.79459762573242,51.07905960083008,37.499420166015625,33.57018280029297,95.0389633178711,66.34636688232422,65.79605865478516,33.568172454833984,29.749746322631836,120.77517700195312,69.68472290039062
2023-02-27,145.54795837402344,379.3610534667969,207.6300048828125,37.920284271240234,51.242156982421875,37.61015319824219,33.56077194213867,95.8822021484375,66.70225524902344,65.7236557006836,33.62099075317383,29.54877281188965,120.40865325927734,70.54694366455078
2023-02-28,145.04611206054688,377.9588928222656,205.7100067138672,38.092525482177734,51.3285026550293,37.06977462768555,33.626670837402344,95.66429138183594,66.55599975585938,65.18071746826172,33.63860321044922,29.030683517456055,119.51582336425781,70.49849700927734
2023-03-01,142.9797821044922,376.50909423828125,202.77000427246094,38.39044952392578,50.935150146484375,37.80061721801758,33.513702392578125,96.04326629638672,66.0684585571289,64.70111083984375,33.11918258666992,28.552791595458984,119.31847381591797,69.612060546875
2023-03-02,143.5701446533203,379.43731689453125,190.89999389648438,38.82803726196289,51.41485595703125,38.13282775878906,33.353660583496094,97.17072296142578,66.88262176513672,65.58792114257812,33.550559997558594,29.093210220336914,120.05152130126953,69.37954711914062
2023-03-03,148.6080322265625,385.5226745605469,197.7899932861328,39.381980895996094,52.5373649597168,38.651065826416016,33.88084030151367,98.22241973876953,68.32079315185547,65.64222717285156,34.113990783691406,29.58896255493164,121.39545440673828,70.87150573730469
2023-03-06,151.36317443847656,385.78973388671875,193.80999755859375,38.74423599243164,52.5373649597168,38.66878128051758,33.909088134765625,98.0423812866211,68.64743041992188,65.81414794921875,33.981929779052734,29.73188591003418,121.3390884399414,70.35318756103516
2023-03-07,149.16893005371094,379.87603759765625,187.7100067138672,37.980804443359375,52.000091552734375,37.99551773071289,33.033592224121094,96.78228759765625,67.79428100585938,65.16263580322266,33.12797927856445,29.24506187438965,119.3842544555664,69.39408111572266
2023-03-08,150.4185333251953,380.49603271484375,182.0,38.16699981689453,52.028873443603516,37.6057243347168,32.91120529174805,97.0096664428711,68.35492706298828,65.27119445800781,33.594581604003906,29.4683780670166,118.74517822265625,69.26815032958984
2023-03-09,148.1751251220703,373.4759521484375,172.9199981689453,37.18478012084961,50.858394622802734,37.074188232421875,31.574424743652344,95.57902526855469,67.37501525878906,64.66492462158203,32.82866287231445,29.23166275024414,117.542236328125,67.61637115478516
2023-03-10,146.11865234375,368.0869445800781,173.44000244140625,36.3934211730957,50.138832092285156,36.60025405883789,31.00017738342285,93.79779815673828,66.19035339355469,64.34821319580078,31.781036376953125,28.771635055541992,116.6776123046875,66.94305419921875
2023-03-13,148.05703735351562,367.562255859375,174.47999572753906,36.02101516723633,50.138832092285156,35.856101989746094,29.776357650756836,93.26724243164062,66.55110168457031,64.6739730834961,32.29164505004883,29.21380043029785,117.76779174804688,67.08354187011719
2023-03-14,150.1430206298828,373.6380920410156,183.25999450683594,36.48186492919922,51.55876541137695,36.21045684814453,30.37885093688965,94.2525863647461,68.0868148803711,65.26215362548828,32.626182556152344,29.5978946685791,118.82038116455078,68.22185516357422
2023-03-15,150.53662109375,371.3012390136719,180.4499969482422,35.299476623535156,52.11522674560547,34.26594543457031,29.56925392150879,91.93132781982422,68.12579345703125,65.68746948242188,32.6437873840332,29.99985694885254,118.71699523925781,68.1201400756836
2023-03-16,153.3507843017578,377.8157653808594,184.1300048828125,35.70447540283203,53.28571319580078,34.63801193237305,30.13408660888672,93.11563110351562,70.036865234375,65.73271179199219,32.6437873840332,30.200836181640625,119.82595825195312,69.35047912597656
2023-03-17,152.51437377929688,373.3981628417969,180.1300048828125,35.150516510009766,52.77720642089844,34.093196868896484,29.164447784423828,91.59024810791016,69.93936920166016,65.25312042236328,31.89548110961914,29.910537719726562,118.28466796875,68.46405029296875
2023-03-20,154.8759002685547,376.9885559082031,183.25,35.87378692626953,53.171653747558594,34.77573776245117,29.48895263671875,92.80320739746094,70.12796020507812,66.15782165527344,32.23772430419922,30.14449119567871,119.78386688232422,68.76042175292969
2023-03-21,156.7257537841797,381.93865966796875,197.5800018310547,36.308589935302734,54.306861877441406,35.97968292236328,30.23634910583496,93.87821197509766,70.69474029541016,66.10325622558594,32.0515251159668,29.5371036529541,120.51033782958984,70.66019439697266
2023-03-22,155.2990264892578,375.4279479980469,191.14999389648438,35.66339874267578,53.354434967041016,35.21434783935547,29.536252975463867,92.0801773071289,69.99115753173828,65.49404907226562,30.88117790222168,28.956710815429688,118.68943786621094,69.08596801757812
2023-03-23,156.3813934326172,376.4428405761719,192.22000122070312,35.62132263183594,54.220272064208984,34.72650146484375,29.337583541870117,91.81380462646484,71.12958526611328,65.23946380615234,30.694984436035156,28.659761428833008,118.4629898071289,69.01307678222656
2023-03-24,157.68017578125,378.9130859375,190.41000366210938,35.911190032958984,54.4992561340332,34.860774993896484,29.318655014038086,92.19434356689453,71.31525421142578,66.34877014160156,31.484079360961914,29.555097579956055,120.10464477539062,68.78958129882812
2023-03-27,155.7417755126953,379.6215515136719,191.80999755859375,36.17768859863281,54.19142150878906,35.60373306274414,29.7254695892334,92.96493530273438,70.76313781738281,66.703369140625,31.377687454223633,29.59109115600586,120.59525299072266,68.93048858642578
2023-03-28,155.12185668945312,378.7695007324219,189.19000244140625,36.350677490234375,53.74888229370117,36.154232025146484,29.71601104736328,93.44058227539062,70.4308853149414,66.82157135009766,31.27129364013672,29.672077178955078,119.8687744140625,68.8478775024414
2023-03-29,158.19186401367188,384.27484130859375,193.8800048828125,36.855613708496094,54.46077346801758,36.6555061340332,30.151199340820312,94.80101013183594,71.90643310546875,67.19438171386719,32.01605987548828,30.1039981842041,120.1989974975586,70.15487670898438
2023-03-30,159.75636291503906,386.5249328613281,195.27999877929688,37.10807418823242,54.72053146362305,36.81663131713867,30.084978103637695,95.00079345703125,72.74195861816406,67.38532257080078,32.43277359008789,30.234474182128906,120.84999084472656,70.76707458496094
2023-03-31,162.25563049316406,391.9728088378906,207.4600067138672,37.71118927001953,55.7691535949707,37.07173156738281,30.416105270385742,96.25656127929688,73.78264617919922,67.93087768554688,33.1420783996582,30.454936981201172,122.14257049560547,72.65711975097656
2023-04-03,163.5052490234375,393.4664611816406,194.77000427246094,37.94963073730469,56.000038146972656,38.75010299682617,30.472864151000977,96.42781066894531,73.6653823852539,68.2854995727539,32.83175277709961,30.247968673706055,123.51060485839844,71.99146270751953
2023-04-04,162.97389221191406,391.28338623046875,192.5800018310547,37.402618408203125,56.173194885253906,38.047428131103516,30.189044952392578,94.26826477050781,73.25984954833984,68.14909362792969,32.84062576293945,30.400951385498047,123.52944946289062,71.8748550415039
2023-04-05,161.13392639160156,390.2589416503906,185.52000427246094,37.31846618652344,55.99040985107422,38.62031173706055,30.151199340820312,93.04102325439453,72.42436218261719,68.46736145019531,32.67216110229492,31.188302993774414,125.66175842285156,70.40267181396484
2023-04-06,162.0194854736328,391.7813415527344,185.05999755859375,37.22963333129883,56.69270324707031,38.03399658203125,30.264728546142578,93.01248931884766,72.83478546142578,68.52189636230469,32.893821716308594,31.40876007080078,125.97306060791016,70.41725158691406
2023-04-10,159.43165588378906,392.18341064453125,184.50999450683594,37.40729522705078,56.56763458251953,38.33835220336914,30.330955505371094,93.85919189453125,72.79570770263672,68.52189636230469,33.062286376953125,31.345773696899414,125.88815307617188,70.72823333740234
2023-04-11,158.22137451171875,392.28875732421875,186.7899932861328,37.69716262817383,56.4233283996582,38.70087432861328,30.59585189819336,94.42047882080078,72.11164855957031,68.72193145751953,33.22187423706055,31.37276268005371,126.31272888183594,70.83995056152344
2023-04-12,157.53262329101562,390.689697265625,180.5399932861328,37.725223541259766,55.83649444580078,38.72772216796875,30.52962875366211,94.73442077636719,71.70124816894531,68.41279602050781,33.12434768676758,31.341279983520508,126.35047149658203,69.74188232421875
2023-04-13,162.90505981445312,395.87921142578125,185.89999389648438,38.1132698059082,57.000553131103516,38.96940994262695,30.80398941040039,95.08641052246094,73.03509521484375,68.794677734375,33.01795959472656,31.345773696899414,127.99211120605469,71.2820816040039
2023-04-14,162.56068420410156,394.9121398925781,185.0,37.837425231933594,56.98130798339844,39.041019439697266,31.10672950744629,94.9722671508789,72.62955474853516,68.35824584960938,32.45050811767578,30.994840621948242,126.96372985839844,71.37442016601562
2023-04-17,162.580322265625,396.32916259765625,187.0399932861328,38.05716323852539,56.65422058105469,38.58002853393555,31.466236114501953,95.72380828857422,72.8934097290039,68.794677734375,33.18641662597656,31.165802001953125,126.85995483398438,71.87973022460938
2023-04-18,163.80047607421875,396.58770751953125,184.30999755859375,38.216129302978516,56.3656120300293,38.732200622558594,31.560840606689453,96.1804428100586,73.11814880371094,69.00381469726562,33.133209228515625,31.00383758544922,125.99195861816406,71.996337890625
2023-04-19,164.94186401367188,396.520751953125,180.58999633789062,38.10859680175781,55.942317962646484,38.59793472290039,31.636524200439453,96.10433959960938,72.9080581665039,68.95834350585938,33.32827377319336,31.242294311523438,126.37875366210938,71.92829132080078
2023-04-20,163.97755432128906,394.3568420410156,162.99000549316406,38.0665168762207,55.36508560180664,38.257781982421875,31.54191780090332,95.93310546875,72.42924499511719,69.12201690673828,32.92928695678711,31.23328971862793,125.85985565185547,70.82052612304688
2023-04-21,162.37368774414062,394.6632385253906,165.0800018310547,37.72988510131836,55.49977111816406,38.03399658203125,31.428390502929688,95.71428680419922,72.1947021484375,69.62211608886719,32.96474838256836,31.323266983032227,126.70902252197266,71.60277557373047
2023-04-24,162.6787109375,395.0748596191406,162.5500030517578,37.98703384399414,55.442054748535156,38.6158447265625,31.352706909179688,95.94261932373047,71.87711334228516,69.90397644042969,32.8760871887207,31.48074722290039,127.41663360595703,71.59305572509766
2023-04-25,161.14376831054688,388.8036193847656,160.6699981689453,37.1641731262207,54.57621765136719,37.890785217285156,30.813451766967773,94.17313385009766,70.34294891357422,69.81306457519531,32.574642181396484,31.449251174926758,126.05797576904297,70.17431640625
2023-04-26,161.13392639160156,387.1567077636719,153.75,36.724693298339844,53.99900436401367,37.38503646850586,30.52016830444336,92.39412689208984,71.38854217529297,69.26749420166016,32.30864334106445,30.71138572692871,124.265380859375,69.81476593017578
2023-04-27,165.70936584472656,394.8642883300781,160.19000244140625,37.2249641418457,57.13523864746094,37.51930236816406,31.012115478515625,94.220703125,72.9031753540039,70.04036712646484,33.08887481689453,31.080324172973633,124.91637420654297,71.65621185302734
2023-04-28,166.95895385742188,398.2345275878906,164.30999755859375,37.65976333618164,57.625877380371094,38.10114288330078,31.381086349487305,95.13397216796875,73.69469451904297,70.41316223144531,33.47012710571289,31.03533172607422,125.98249053955078,71.8408432006836
2023-05-01,166.87042236328125,397.8323669433594,161.8300018310547,37.641056060791016,57.61626052856445,37.671470642089844,31.295944213867188,95.64769744873047,73.7386703491211,70.46772003173828,33.159812927246094,31.089317321777344,126.63350677490234,71.13147735595703
2023-05-02,165.83724975585938,393.361083984375,160.30999755859375,37.276390075683594,56.54838943481445,36.03339385986328,30.586395263671875,94.6487808227539,73.04976654052734,70.27677154541016,32.59236145019531,30.71138572692871,126.08628845214844,71.20437622070312
2023-05-03,164.76473999023438,390.6610107421875,160.61000061035156,36.864952087402344,56.32712173461914,35.35308837890625,30.23634910583496,94.28729248046875,72.43411254882812,69.70394134521484,32.38844299316406,30.62590217590332,125.91649627685547,70.64075469970703
2023-05-04,163.13133239746094,387.89398193359375,161.1999969482422,36.62650680541992,55.42281723022461,34.959232330322266,29.848459243774414,93.25983428955078,72.08723449707031,69.53118896484375,32.68989562988281,30.85986328125,124.91637420654297,70.09657287597656
2023-05-05,170.78659057617188,395.0748596191406,170.05999755859375,37.2436637878418,56.115482330322266,35.908077239990234,30.586395263671875,94.6678237915039,73.89501953125,70.17677307128906,33.195274353027344,31.057825088500977,126.03909301757812,71.51531219482422
2023-05-08,170.71771240234375,395.1802062988281,171.7899932861328,37.122100830078125,56.683067321777344,35.908077239990234,30.633703231811523,94.32535552978516,73.85594940185547,69.96762084960938,32.96474838256836,30.963342666625977,125.76551818847656,71.75823974609375
2023-05-09,169.0155029296875,393.447265625,169.14999389648438,36.78548049926758,56.32712173461914,35.9214973449707,30.52016830444336,94.53465270996094,73.28917694091797,69.74939727783203,32.85835647583008,30.922849655151367,124.92584228515625,71.73881530761719
2023-05-10,170.77676391601562,395.2855529785156,168.5399932861328,36.808860778808594,56.82738494873047,35.51421356201172,30.349878311157227,94.1921615600586,74.18328094482422,69.64029693603516,33.16868209838867,31.206298828125,125.27489471435547,72.10323333740234
2023-05-11,170.9636993408203,394.59619140625,172.0800018310547,36.448856353759766,57.39498519897461,35.08903121948242,30.302570343017578,93.62135314941406,73.85106658935547,69.84941864013672,32.822898864746094,30.886852264404297,124.8880844116211,72.43846893310547
2023-05-12,170.03753662109375,394.0791320800781,167.97999572753906,36.51430892944336,57.443084716796875,35.14272689819336,30.179582595825195,93.68795013427734,73.75333404541016,70.1221923828125,32.88495635986328,31.057825088500977,124.71825408935547,71.8262710571289
2023-05-15,169.5448760986328,395.43878173828125,166.35000610351562,36.822879791259766,57.712459564208984,35.3217658996582,30.425559997558594,94.14457702636719,74.36408233642578,69.94944763183594,32.822898864746094,30.666399002075195,124.50125885009766,71.91859436035156
2023-05-16,169.5448760986328,392.796142578125,166.52000427246094,36.215091705322266,57.645111083984375,34.453495025634766,30.141738891601562,92.86979675292969,74.4422378540039,69.3584213256836,31.945125579833984,29.987016677856445,123.46344757080078,71.6270751953125
2023-05-17,170.1557159423828,397.5643005371094,173.86000061035156,36.453529357910156,58.34739685058594,35.11588668823242,30.747228622436523,94.46805572509766,75.4341049194336,69.32203674316406,32.361846923828125,29.879047393798828,123.6144027709961,73.11869812011719
2023-05-18,172.48110961914062,401.3941650390625,176.88999938964844,36.66859817504883,59.396026611328125,35.37099838256836,30.97428321838379,95.15299987792969,76.97806549072266,68.98562622070312,32.15791320800781,29.7890567779541,123.31246185302734,74.25563049316406
2023-05-19,172.58949279785156,400.8100891113281,180.13999938964844,36.7620964050293,59.07854080200195,35.644004821777344,30.84183120727539,94.92469024658203,76.94386291503906,69.03108215332031,32.10472106933594,29.744064331054688,123.88798522949219,73.63370513916016
2023-05-22,171.64358520507812,400.9728698730469,188.8699951171875,36.57040786743164,59.617286682128906,35.496315002441406,30.898597717285156,94.90567016601562,77.0904541015625,67.98543548583984,32.3175163269043,29.75305938720703,124.01065063476562,73.40536499023438
2023-05-23,169.04232788085938,396.4728698730469,185.77000427246094,36.00469970703125,58.876522064208984,35.87674331665039,30.539091110229492,93.76404571533203,75.95201110839844,67.48534393310547,31.918533325195312,29.649581909179688,122.65204620361328,72.73484802246094
2023-05-24,169.3182373046875,393.6004333496094,182.89999389648438,35.59326171875,58.60714340209961,36.03339385986328,30.141738891601562,92.55586242675781,75.39501953125,67.04889678955078,31.218097686767578,29.456113815307617,121.81234741210938,72.46761322021484
2023-05-25,170.45135498046875,397.00897216796875,184.47000122070312,35.467037200927734,58.60714340209961,35.393375396728516,30.132280349731445,92.86026763916016,78.28748321533203,66.53970336914062,31.289033889770508,29.060190200805664,120.56694793701172,72.14208221435547
2023-05-26,172.85549926757812,402.1505126953125,193.1699981689453,35.64470291137695,59.80007553100586,35.25463104248047,30.378257751464844,93.55474853515625,80.5105972290039,66.76703643798828,31.652544021606445,29.060190200805664,120.32166290283203,73.83778381347656
2023-05-30,174.69808959960938,402.3037109375,201.16000366210938,35.45301055908203,59.896278381347656,34.8921012878418,30.368793487548828,93.41204071044922,80.94056701660156,66.00325012207031,31.750080108642578,28.947708129882812,119.57630157470703,74.33335876464844
2023-05-31,174.6488037109375,400.0728454589844,203.92999267578125,35.07430648803711,59.87702941894531,34.278934478759766,30.047136306762695,92.13726043701172,80.26629638671875,66.07598876953125,31.953989028930664,29.213159561157227,120.60468292236328,73.66287231445312
2023-06-01,177.4471435546875,403.8739318847656,207.52000427246094,35.54183578491211,60.68514633178711,34.70411682128906,30.368793487548828,93.3169174194336,81.08224487304688,66.02143096923828,31.96286964416504,28.997196197509766,121.39720153808594,74.5325698852539
2023-06-02,178.2945098876953,409.7144470214844,213.97000122070312,36.73405838012695,60.76210403442383,35.760379791259766,31.03104591369629,96.02824401855469,81.5464096069336,66.93069458007812,32.63669967651367,29.29864501953125,122.9539566040039,76.28170013427734
2023-06-05,176.9446563720703,408.9293212890625,217.61000061035156,36.705997467041016,60.91602325439453,35.523162841796875,30.87021255493164,95.36229705810547,81.07737731933594,66.68518829345703,32.4859733581543,29.43811798095703,123.39737701416016,76.51007843017578
2023-06-06,176.58006286621094,409.8197021484375,221.30999755859375,36.939762115478516,61.16616439819336,35.80961990356445,31.258106231689453,95.96163940429688,81.05780792236328,66.34877014160156,32.6810302734375,29.415624618530273,122.36898803710938,77.306884765625
2023-06-07,175.21046447753906,408.4026794433594,224.57000732421875,37.379241943359375,60.483116149902344,36.75844192504883,31.381086349487305,97.50281524658203,79.84609985351562,66.13054656982422,33.283939361572266,29.9150333404541,121.8878173828125,76.78215789794922
2023-06-08,177.9200897216797,410.8729553222656,234.86000061035156,37.2436637878418,60.79096984863281,36.6017951965332,31.352706909179688,97.67405700683594,80.7109146118164,66.5851821899414,33.08001708984375,30.04551124572754,122.6709213256836,77.9190902709961
2023-06-09,178.30441284179688,411.6101989746094,244.39999389648438,36.935081481933594,60.810211181640625,36.400394439697266,31.362171173095703,97.41719055175781,81.11156463623047,66.47606658935547,32.911556243896484,29.870037078857422,123.04830932617188,78.3223648071289
2023-06-12,181.09283447265625,415.3442687988281,249.8300018310547,37.10340118408203,61.531734466552734,36.05128479003906,31.352706909179688,98.11167907714844,82.8753890991211,66.4578857421875,32.893821716308594,29.81604766845703,123.49173736572266,79.6682357788086
2023-06-13,180.61990356445312,418.0825500488281,258.7099914550781,37.963661193847656,61.7337532043457,36.22136306762695,31.54191780090332,99.25328063964844,83.37863159179688,66.73065185546875,33.133209228515625,29.811553955078125,124.11443328857422,80.49421691894531
2023-06-14,181.25050354003906,418.5804748535156,256.7900085449219,37.80469512939453,61.83958053588867,35.84988784790039,31.418935775756836,98.98690795898438,84.23856353759766,67.13981628417969,33.3105354309082,29.793556213378906,122.8407211303711,80.4359130859375
2023-06-15,183.2802734375,423.7698669433594,255.89999389648438,38.12730407714844,62.82086181640625,36.243743896484375,31.835208892822266,100.48051452636719,85.32324981689453,67.81267547607422,33.452396392822266,30.11749839782715,124.74653625488281,80.96064758300781
2023-06-16,182.20626831054688,422.326416015625,260.5400085449219,38.220802307128906,62.30137252807617,36.19002914428711,31.76898765563965,100.31879425048828,84.61968994140625,67.89450073242188,33.41693115234375,30.27946662902832,124.73712158203125,80.83917999267578
2023-06-20,182.294921875,420.13531494140625,274.45001220703125,37.70353317260742,61.997825622558594,35.380035400390625,31.531396865844727,99.57376861572266,84.04780578613281,67.37804412841797,33.0579719543457,29.924348831176758,124.59691619873047,81.44480895996094
2023-06-21,181.26034545898438,417.9826965332031,259.4599914550781,37.8256721496582,61.38112258911133,35.659969329833984,31.493391036987305,100.12775421142578,82.8041763305664,67.61612701416016,32.914756774902344,30.164718627929688,124.61587524414062,80.46623992919922
2023-06-22,184.2557373046875,419.491455078125,264.6099853515625,37.736412048339844,61.8629264831543,35.18137741088867,31.24630355834961,99.4018325805664,83.47986602783203,68.00987243652344,32.44927215576172,29.93341827392578,125.46849060058594,81.49349975585938
2023-06-23,183.94041442871094,416.320068359375,256.6000061035156,37.431026458740234,61.728023529052734,34.92852783203125,31.11326789855957,98.64727783203125,82.57403564453125,67.56118774414062,32.100162506103516,29.49349021911621,125.05164337158203,80.54901123046875
2023-06-26,182.55113220214844,414.6191101074219,241.0500030517578,37.820980072021484,61.1113166809082,35.55611801147461,31.046735763549805,99.46868133544922,81.98162078857422,67.65276336669922,32.816287994384766,29.783748626708984,124.34112548828125,79.51690673828125
2023-06-27,185.30020141601562,419.16473388671875,250.2100067138672,38.3565788269043,62.14236068725586,35.637386322021484,31.2938175201416,100.66264343261719,83.59736633300781,67.85421752929688,33.17434310913086,29.792821884155273,124.05690002441406,81.2257308959961
2023-06-28,186.47276306152344,419.3761291503906,256.239990234375,38.093482971191406,62.421810150146484,35.998600006103516,31.217790603637695,100.66264343261719,83.64632415771484,67.39634704589844,33.26386642456055,29.352895736694336,123.65901947021484,81.54706573486328
2023-06-29,186.80770874023438,421.029052734375,257.5,38.57270431518555,62.08454895019531,36.41398239135742,31.759469985961914,101.63688659667969,83.79320526123047,67.33226776123047,33.568214416503906,29.352895736694336,124.46430206298828,81.63467407226562
2023-06-30,191.12347412109375,425.9974670410156,261.7699890136719,38.93446731567383,62.71088790893555,36.648773193359375,32.03506088256836,102.50605010986328,85.12496948242188,67.9183120727539,33.738285064697266,29.679439544677734,125.74320983886719,82.67168426513672
2023-07-03,189.63558959960938,426.4876708984375,279.82000732421875,39.080116271972656,62.922882080078125,36.734554290771484,32.215633392333984,102.52516174316406,84.94380950927734,68.44943237304688,34.006839752197266,29.901670455932617,124.71061706542969,83.6697006225586
2023-07-05,188.52220153808594,425.8533630371094,282.4800109863281,38.11697006225586,63.404693603515625,36.531375885009766,32.149112701416016,101.97119140625,84.41989135742188,68.33038330078125,34.176918029785156,30.241823196411133,124.6442642211914,83.70378112792969
2023-07-06,188.9951629638672,422.5186767578125,276.5400085449219,37.839778900146484,62.90361022949219,35.70962905883789,31.87351417541504,101.2070541381836,84.19468688964844,68.15640258789062,33.98893356323242,29.87445640563965,123.64955139160156,82.35523223876953
2023-07-07,187.88172912597656,421.4519348144531,274.42999267578125,38.16865539550781,62.68198776245117,36.477195739746094,31.921030044555664,101.436279296875,83.82745361328125,67.26815795898438,33.82780075073242,29.656761169433594,122.20955657958984,82.45745849609375
2023-07-10,185.84213256835938,422.5186767578125,269.6099853515625,38.15925216674805,62.51816940307617,36.76164245605469,32.063568115234375,102.87857055664062,84.04780578613281,67.24983978271484,33.94417953491211,29.529769897460938,123.17588806152344,82.71062469482422
2023-07-11,185.31988525390625,425.2094421386719,269.7900085449219,38.53512191772461,63.60703659057617,37.569847106933594,32.443702697753906,104.09161376953125,84.22895812988281,67.35059356689453,34.3290901184082,29.897136688232422,123.20428466796875,83.40193176269531
2023-07-12,186.98512268066406,428.6306457519531,271.989990234375,39.04253387451172,64.37791442871094,37.91750717163086,32.652767181396484,103.91010284423828,85.1837158203125,67.5062484741211,34.4902229309082,30.332534790039062,122.87271118164062,84.15168762207031
2023-07-13,187.74380493164062,432.03265380859375,277.8999938964844,39.34791564941406,65.32222747802734,37.77302169799805,32.766807556152344,104.04383850097656,86.29515075683594,67.79011535644531,34.722957611083984,30.436843872070312,122.92008972167969,84.94038391113281
2023-07-14,187.89161682128906,431.7635803222656,281.3800048828125,39.11770248413086,64.7055435180664,36.77519607543945,32.54823303222656,103.73820495605469,86.1678466796875,68.01905822753906,34.722957611083984,30.318923950195312,124.76741790771484,85.15946197509766
2023-07-17,191.1431427001953,433.2627258300781,290.3800048828125,39.15528869628906,64.47427368164062,36.70295333862305,32.86183547973633,104.12979888916016,87.26947784423828,67.81759643554688,34.427555084228516,29.969701766967773,124.19903564453125,85.50513458251953
2023-07-18,190.88699340820312,436.4821472167969,293.3399963378906,39.460670471191406,64.91751861572266,37.07318878173828,33.23246383666992,104.71244049072266,88.25851440429688,67.74434661865234,34.14111328125,29.738401412963867,125.11796569824219,85.85565185546875
2023-07-19,192.2368621826172,437.45269775390625,291.260009765625,39.2492561340332,65.10060119628906,37.28990936279297,33.3750114440918,104.66468811035156,88.03819274902344,68.4311294555664,34.51707458496094,30.042266845703125,125.69586181640625,86.1574935913086
2023-07-20,190.2957763671875,434.5505065917969,262.8999938964844,39.343223571777344,63.80939865112305,37.727874755859375,33.62208938598633,105.1326904296875,86.28046417236328,69.01719665527344,34.400699615478516,30.591045379638672,127.7800521850586,83.22183227539062
2023-07-21,189.12326049804688,434.5505065917969,260.0199890136719,39.34791564941406,63.17341995239258,38.06198501586914,33.50804901123047,104.63603973388672,86.23639678955078,69.25525665283203,34.55287551879883,31.04911994934082,129.0684814453125,83.24129486083984
2023-07-24,189.92137145996094,436.4917907714844,269.05999755859375,39.470069885253906,63.28904724121094,38.676025390625,33.831153869628906,104.87482452392578,86.38817596435547,69.52080535888672,34.88408660888672,30.967477798461914,128.7842559814453,83.78655242919922
2023-07-25,190.77859497070312,437.68341064453125,265.2799987792969,40.179500579833984,63.491416931152344,38.87921142578125,33.612586975097656,104.74109649658203,87.37721252441406,69.50249481201172,34.62449264526367,31.02190589904785,128.7274169921875,83.59181213378906
2023-07-26,191.6456756591797,437.7507019042969,264.3500061035156,40.04326629638672,64.4839096069336,38.892757415771484,33.81215286254883,105.47655487060547,86.20213317871094,69.58492279052734,34.74980926513672,31.02190589904785,128.64212036132812,83.57235717773438
2023-07-27,190.38446044921875,434.8483581542969,255.7100067138672,39.78485870361328,65.02352142333984,38.64442443847656,33.38450622558594,104.56916046142578,85.9524154663086,68.97139739990234,34.01578903198242,30.473129272460938,127.69478607177734,82.70575714111328
2023-07-28,192.9561767578125,439.105712890625,266.44000244140625,40.06205749511719,66.30509948730469,38.761810302734375,33.45103454589844,105.21867370605469,87.12261199951172,69.68563842773438,33.91731643676758,30.40509605407715,128.07374572753906,84.10787200927734
2023-07-31,193.5670623779297,439.9418029785156,267.42999267578125,40.27347183227539,66.28582763671875,39.49777603149414,33.57457733154297,105.46700286865234,87.32335662841797,69.36514282226562,34.18586730957031,30.4187068939209,127.08845520019531,84.58499145507812
2023-08-01,192.73939514160156,438.682861328125,261.07000732421875,40.094932556152344,66.19910430908203,39.31265640258789,33.57457733154297,105.78218841552734,87.4702377319336,68.98970794677734,34.123207092285156,30.04680061340332,126.42529296875,83.62589263916016
2023-08-02,189.75387573242188,432.5804443359375,254.11000061035156,39.596927642822266,64.95606994628906,38.797935485839844,33.28948211669922,104.67424774169922,85.3061294555664,69.2369384765625,33.97998046875,30.04680061340332,126.5105972290039,82.12641143798828
2023-08-03,188.36453247070312,431.3406677246094,259.32000732421875,39.35261535644531,64.79225158691406,39.19075012207031,33.30848693847656,104.01519012451172,84.95848846435547,69.04464721679688,33.51450729370117,29.36195945739746,125.87586212158203,82.3211441040039
2023-08-04,179.3192901611328,429.389892578125,253.86000061035156,39.263343811035156,64.647705078125,39.24492645263672,33.175437927246094,103.3847885131836,83.80298614501953,68.35784912109375,33.18330001831055,29.02181053161621,125.43058013916016,83.51879119873047
2023-08-07,176.225341796875,433.1378173828125,251.4499969482422,39.521751403808594,65.64986419677734,39.290077209472656,33.6411018371582,104.6551284790039,84.03802490234375,68.91645812988281,33.6040153503418,29.017276763916016,126.88002014160156,84.37564086914062
2023-08-08,177.16140747070312,431.2543029785156,249.6999969482422,39.10361099243164,65.46678924560547,39.484230041503906,33.33698654174805,104.17755889892578,83.39171600341797,68.42195892333984,33.43393325805664,29.153331756591797,127.85580444335938,83.70378112792969
2023-08-09,175.57501220703125,428.37115478515625,242.19000244140625,38.94386291503906,64.76334381103516,39.98088455200195,33.08991241455078,104.12024688720703,82.31454467773438,68.52268981933594,33.51450729370117,29.216829299926758,127.81794738769531,82.71062469482422
2023-08-10,175.35829162597656,428.5249328613281,245.33999633789062,38.972049713134766,64.9849853515625,39.97636413574219,33.11842346191406,103.83370971679688,82.3243408203125,68.38533782958984,33.407081604003906,29.126121520996094,127.73268127441406,82.91024017333984
2023-08-11,175.41746520996094,428.2751159667969,242.64999389648438,38.86399841308594,64.67662811279297,40.590423583984375,33.184940338134766,104.00563049316406,81.71722412109375,68.49522399902344,33.46974182128906,29.284862518310547,128.52845764160156,82.62785339355469
2023-08-14,177.06517028808594,430.63916015625,239.75999450683594,38.94856262207031,65.14878845214844,40.418846130371094,33.11842346191406,104.04383850097656,83.01960754394531,68.15640258789062,33.29071807861328,29.053556442260742,128.91690063476562,82.88102722167969
2023-08-15,175.08201599121094,425.6227111816406,232.9600067138672,38.31430435180664,64.57061767578125,39.57904815673828,32.510223388671875,102.71619415283203,82.20195770263672,67.423828125,32.9505500793457,28.581880569458008,128.4431915283203,81.75154113769531
2023-08-16,174.21376037597656,422.4994812011719,225.60000610351562,38.0558967590332,63.799739837646484,39.235904693603516,32.46270751953125,102.14310455322266,81.41856384277344,67.26815795898438,32.5477409362793,28.708871841430664,127.4674072265625,80.73888397216797
2023-08-17,171.67803955078125,419.280029296875,219.22000122070312,37.98072052001953,63.067420959472656,39.705474853515625,32.3011589050293,101.2834701538086,80.64494323730469,66.61800384521484,32.30604553222656,28.645374298095703,126.45372772216797,79.37084197998047
2023-08-18,172.16148376464844,419.4818115234375,215.49000549316406,37.97602844238281,62.69162368774414,40.09827423095703,32.29164123535156,101.4745101928711,80.76737976074219,66.86524963378906,32.39555358886719,28.795042037963867,126.50109100341797,79.19071197509766
2023-08-21,173.49349975585938,422.21112060546875,231.27999877929688,37.98072052001953,63.144500732421875,39.845428466796875,32.25363540649414,101.3503189086914,82.30964660644531,66.41654968261719,32.11806869506836,28.61362648010254,126.63375854492188,80.1010971069336
2023-08-22,174.86489868164062,421.0675048828125,233.19000244140625,37.947837829589844,63.144500732421875,39.53840637207031,31.94952964782715,101.1115493774414,82.21663665771484,66.0411148071289,32.216529846191406,28.69526481628418,126.18846893310547,80.21796417236328
2023-08-23,178.70301818847656,425.7572326660156,236.86000061035156,38.008907318115234,64.1659164428711,39.43907165527344,32.263145446777344,102.15264892578125,83.70018005371094,66.48064422607422,32.69096755981445,28.80864906311035,126.56742858886719,80.86058807373047
2023-08-24,174.02626037597656,419.8566589355469,230.0399932861328,37.84916687011719,62.93251037597656,39.16817092895508,32.149112701416016,100.91096496582031,81.77107238769531,65.94953918457031,32.538780212402344,28.640838623046875,125.46849060058594,79.27833557128906
2023-08-25,176.2265167236328,422.8164978027344,238.58999633789062,37.9619255065918,62.999961853027344,39.54743957519531,32.3011589050293,101.76104736328125,82.60343170166016,66.3158187866211,32.6282958984375,28.858537673950195,126.38743591308594,80.16439056396484
2023-08-28,177.7854461669922,425.4978332519531,238.82000732421875,38.23912811279297,63.770835876464844,39.81382369995117,32.48171615600586,102.59202575683594,83.27910614013672,66.61800384521484,32.88790512084961,28.854000091552734,126.68108367919922,80.48573303222656
2023-08-29,181.6629638671875,431.64825439453125,257.17999267578125,38.873382568359375,65.18733215332031,39.92219161987305,32.77631378173828,103.375244140625,84.94869232177734,66.85609436035156,33.26386642456055,28.962852478027344,127.81794738769531,82.49640655517578
2023-08-30,185.14588928222656,433.4261474609375,256.8999938964844,38.96266174316406,65.19698333740234,40.120849609375,32.79531478881836,103.84326934814453,85.59010314941406,66.96598815917969,33.38023376464844,28.83132553100586,127.72322845458984,82.851806640625
2023-08-31,185.36293029785156,432.7918395996094,258.0799865722656,38.94386291503906,65.2644271850586,40.1479377746582,32.671775817871094,103.375244140625,86.00628662109375,66.62716674804688,33.138545989990234,28.554670333862305,126.19795989990234,83.1098403930664
2023-09-01,186.93174743652344,433.5990905761719,245.00999450683594,39.38080596923828,64.65735626220703,40.96968460083008,32.966373443603516,103.91967010498047,86.27068328857422,66.0594253540039,33.12063217163086,28.409534454345703,126.53900146484375,82.603515625
2023-09-05,187.1685333251953,431.7251281738281,256.489990234375,38.65256881713867,64.647705078125,41.18640899658203,32.633758544921875,102.17176055908203,86.57913208007812,65.4916763305664,32.789432525634766,27.97414207458496,125.23164367675781,82.66192626953125
2023-09-06,180.4691619873047,428.8228759765625,251.9199981689453,38.5680046081543,64.44537353515625,41.204471588134766,32.614749908447266,101.73239135742188,85.6635513305664,65.41844940185547,32.726768493652344,28.037633895874023,124.54954528808594,81.92679595947266
2023-09-07,175.19052124023438,427.5063171386719,251.49000549316406,38.3941650390625,64.3297348022461,41.1638298034668,32.52922821044922,101.39810180664062,84.42479705810547,65.5740966796875,32.99531173706055,28.404996871948242,125.10850524902344,82.15560913085938
2023-09-08,175.80224609375,428.1501770019531,248.5,38.43175506591797,64.52244567871094,41.561161041259766,32.59575271606445,100.89186096191406,84.60107421875,65.65650939941406,32.780479431152344,28.65444564819336,125.10850524902344,82.15560913085938
2023-09-11,176.9665069580078,430.9659118652344,273.5799865722656,38.596187591552734,65.49568939208984,41.014835357666016,32.747798919677734,100.92051696777344,85.04171752929688,66.22425079345703,32.79838180541992,28.772367477416992,125.97059631347656,84.36589813232422
2023-09-12,173.9473419189453,428.6017761230469,267.4800109863281,38.50693130493164,64.81151580810547,41.981056213378906,32.966373443603516,100.55757141113281,83.49942779541016,65.65650939941406,32.79838180541992,28.80864906311035,125.80953979492188,83.60154724121094
2023-09-13,171.88523864746094,429.1015625,271.29998779296875,38.28140640258789,65.02352142333984,41.665008544921875,32.966373443603516,99.88896179199219,83.70996856689453,65.85797119140625,32.4671745300293,29.153331756591797,125.82848358154297,84.26366424560547
2023-09-14,173.3948211669922,432.8014221191406,276.0400085449219,38.82170867919922,65.92929077148438,42.15262985229492,33.27047348022461,100.87274932861328,84.31710052490234,66.52643585205078,33.0579719543457,29.57965850830078,126.22637176513672,85.09131622314453
2023-09-15,172.67459106445312,427.5869445800781,274.3900146484375,38.38946533203125,65.05244445800781,41.543094635009766,33.099422454833984,100.29011535644531,82.69646453857422,65.97702026367188,32.93265151977539,29.452672958374023,125.23164367675781,83.6356201171875
2023-09-18,175.59507751464844,427.837646484375,265.2799987792969,38.22990417480469,65.09880065917969,41.895137786865234,33.19009780883789,100.40138244628906,83.0938949584961,65.95396423339844,32.64482498168945,29.430723190307617,125.04138946533203,82.72604370117188
2023-09-19,176.68035888671875,426.950439453125,266.5,38.19684982299805,65.14710998535156,41.50397872924805,33.151912689208984,99.97940063476562,83.04972839355469,65.79724884033203,32.473388671875,29.27069664001465,125.14602661132812,82.31148529052734
2023-09-20,173.14817810058594,423.02532958984375,262.5899963378906,37.79558181762695,64.25837707519531,41.11737060546875,32.92282485961914,99.5862045288086,81.74456787109375,65.86177825927734,32.53654861450195,29.298133850097656,125.15553283691406,81.49213409423828
2023-09-21,171.60897827148438,416.03338623046875,255.6999969482422,37.03551483154297,63.46625518798828,40.553367614746094,32.37872314453125,97.95584106445312,80.49829864501953,65.01361083984375,31.4086856842041,28.991802215576172,124.0616226196289,79.26815032958984
2023-09-22,172.45748901367188,415.097900390625,244.8800048828125,36.99774932861328,63.388973236083984,40.6215934753418,32.13054275512695,97.62016296386719,80.67001342773438,64.66327667236328,31.1921329498291,28.936933517456055,123.80474853515625,78.48780059814453
2023-09-25,173.7302703857422,416.84344482421875,246.99000549316406,37.290443420410156,63.54353713989258,41.13101577758789,32.2068977355957,98.10929107666016,80.93006896972656,64.43281555175781,31.137998580932617,28.89578628540039,124.48016357421875,78.97063446044922
2023-09-26,169.66526794433594,410.719482421875,244.1199951171875,36.752262115478516,62.83836364746094,40.894493103027344,31.777355194091797,96.6131820678711,79.47279357910156,63.95341110229492,30.587600708007812,28.031658172607422,123.42428588867188,77.53189849853516
2023-09-27,168.15565490722656,410.8834533691406,240.5,36.747535705566406,63.0025749206543,41.91333770751953,31.72962760925293,97.33245086669922,79.59546661376953,63.427913665771484,30.31691551208496,27.492145538330078,122.80597686767578,77.23438262939453
2023-09-28,168.41221618652344,413.2655334472656,246.3800048828125,37.144100189208984,63.69810104370117,41.95881652832031,31.958715438842773,97.74484252929688,80.15973663330078,63.62152099609375,30.63271713256836,26.897769927978516,123.39573669433594,78.09765625
2023-09-29,168.92526245117188,412.2625427246094,250.22000122070312,37.08272171020508,63.34067153930664,41.11281967163086,31.662797927856445,97.22696685791016,80.43450164794922,63.43714141845703,30.740991592407227,26.943490982055664,122.46351623535156,78.51219177246094
2023-10-02,171.43136596679688,412.0986022949219,251.60000610351562,36.59175109863281,63.81400680541992,40.294105529785156,31.395523071289062,96.27751922607422,81.2980728149414,63.00383377075195,30.18157958984375,25.69072914123535,122.29228973388672,78.57559967041016
2023-10-03,170.09938049316406,406.58221435546875,246.52999877929688,36.49260711669922,62.95426940917969,40.26681900024414,30.899150848388672,95.606201171875,79.9193115234375,62.55208969116211,29.63117790222168,25.9879207611084,121.20787811279297,76.66375732421875
2023-10-04,171.34259033203125,409.5429992675781,261.1600036621094,36.922218322753906,63.55319595336914,39.00236892700195,31.128246307373047,95.91309356689453,80.91535186767578,63.0499153137207,29.946975708007812,25.960487365722656,121.7215347290039,78.17566680908203
2023-10-05,172.57589721679688,409.3887023925781,260.04998779296875,36.473731994628906,63.46625518798828,38.76130294799805,31.271432876586914,95.34725952148438,81.02330780029297,61.805328369140625,30.163532257080078,25.809608459472656,122.3874282836914,77.78550720214844
2023-10-06,175.12147521972656,414.2492370605469,260.5299987792969,36.8183479309082,64.6351318359375,38.99327850341797,31.53870964050293,96.65155029296875,82.53945922851562,61.46424102783203,30.28083038330078,26.175373077392578,123.67160034179688,78.33173370361328
2023-10-09,176.60145568847656,416.9013977050781,259.6700134277344,36.86555862426758,65.33062744140625,40.294105529785156,31.55779457092285,98.16683197021484,82.96631622314453,61.51954650878906,30.67783546447754,26.43598747253418,124.09966278076172,78.41464233398438
2023-10-10,176.00942993164062,419.0711975097656,263.6199951171875,37.25739288330078,65.70736694335938,40.344139099121094,31.786897659301758,98.76142883300781,83.0938949584961,62.14644241333008,30.78610610961914,26.797182083129883,124.68944549560547,79.27302551269531
2023-10-11,177.40061950683594,420.78790283203125,262.989990234375,37.34709167480469,66.30631256103516,39.825626373291016,31.83462142944336,99.35601806640625,83.8642349243164,61.722373962402344,31.4086856842041,27.23153305053711,124.13771057128906,79.55590057373047
2023-10-12,178.2985076904297,418.2226257324219,258.8699951171875,36.7900276184082,65.52384948730469,39.871116638183594,31.634174346923828,98.45454406738281,83.94275665283203,61.04936599731445,30.993637084960938,26.810897827148438,123.07232666015625,78.6877670288086
2023-10-13,176.46331787109375,416.1394348144531,251.1199951171875,36.65312194824219,64.7896728515625,40.74894332885742,31.70098304748535,97.58181762695312,82.74063110351562,61.58407211303711,30.984615325927734,27.11265754699707,123.84280395507812,77.53189849853516
2023-10-16,176.33502197265625,420.5178527832031,253.9199981689453,37.01191329956055,65.83295440673828,41.02185821533203,32.03507614135742,98.6175765991211,83.53549194335938,62.22018814086914,31.300413131713867,27.391559600830078,124.77503967285156,78.78530883789062
2023-10-17,174.78599548339844,420.49859619140625,254.85000610351562,37.375423431396484,66.06480407714844,41.449398040771484,32.187808990478516,98.92446899414062,83.14788055419922,62.48755645751953,31.137998580932617,27.318401336669922,124.60382843017578,78.97063446044922
2023-10-18,173.49349975585938,414.8954162597656,242.67999267578125,36.40764236450195,64.9249267578125,41.82691192626953,31.634174346923828,96.53646087646484,82.29412078857422,62.71803665161133,30.452259063720703,27.080657958984375,123.51941680908203,77.1173324584961
2023-10-19,173.11856079101562,411.2499084472656,220.11000061035156,35.98274612426758,64.85729217529297,41.75414276123047,31.214160919189453,95.64458465576172,81.82307434082031,62.257076263427734,29.70336151123047,26.810897827148438,122.30181121826172,75.14696502685547
2023-10-20,170.57298278808594,406.1965026855469,211.99000549316406,35.548431396484375,64.25837707519531,41.05369567871094,30.736879348754883,94.6567611694336,80.43941497802734,62.01737594604492,29.549970626831055,26.531999588012695,121.81666564941406,73.98133850097656
2023-10-23,170.69139099121094,405.492431640625,212.0800018310547,35.15187072753906,64.59647369384766,40.38962936401367,30.545961380004883,94.2155990600586,80.53263854980469,61.89751434326172,29.297332763671875,26.307966232299805,121.05567169189453,74.0691146850586
2023-10-24,171.12550354003906,408.5496520996094,216.52000427246094,35.56731033325195,65.35962677001953,39.82107925415039,30.755970001220703,94.92529296875,81.08706665039062,62.42302322387695,29.667266845703125,26.984638214111328,121.42664337158203,74.8592300415039
2023-10-25,168.81675720214844,402.6860046386719,212.4199981689453,35.15187072753906,62.529232025146484,39.74830627441406,30.641416549682617,93.70731353759766,80.13029479980469,62.63506317138672,29.04468536376953,27.135517120361328,120.34222412109375,73.34730529785156
2023-10-26,164.66290283203125,397.8640441894531,205.75999450683594,35.39735412597656,61.167171478271484,39.43901062011719,30.574600219726562,93.31411743164062,78.59941864013672,62.229427337646484,29.658248901367188,27.368698120117188,119.15316009521484,72.201171875
2023-10-27,165.9751434326172,396.0606384277344,207.3000030517578,35.38319396972656,60.94499588012695,38.492958068847656,30.020957946777344,92.48932647705078,79.05573272705078,61.38125228881836,29.189054489135742,26.85205078125,117.13652801513672,72.95713806152344
2023-10-30,168.01751708984375,400.7957763671875,197.36000061035156,35.746707916259766,62.200801849365234,38.62030792236328,30.555509567260742,93.64017486572266,79.90458679199219,62.34004592895508,29.279287338256836,27.05779457092285,117.79290008544922,73.62529754638672
2023-10-31,168.49114990234375,403.3129577636719,200.83999633789062,35.90721893310547,62.51957702636719,38.74766159057617,30.88960838317871,94.3306884765625,80.47376251220703,62.56130599975586,29.865768432617188,27.290973663330078,118.46827697753906,74.18130493164062
2023-11-01,171.64842224121094,407.6141357421875,205.66000366210938,35.92610168457031,63.437286376953125,38.65668869018555,31.090065002441406,94.63756561279297,82.0291519165039,62.49676513671875,30.019163131713867,27.60187530517578,118.71560668945312,75.09819793701172
2023-11-02,175.2003936767578,415.4258117675781,218.50999450683594,36.620079040527344,64.27769470214844,39.825626373291016,31.8250789642334,96.58441925048828,83.41773223876953,63.30805206298828,30.948522567749023,28.11852264404297,120.59906768798828,77.0588150024414
2023-11-03,174.2926788330078,419.2159729003906,219.9600067138672,37.196022033691406,65.26302337646484,39.42536926269531,32.245079040527344,97.43795776367188,84.27639770507812,63.381813049316406,31.67937469482422,28.28312110900879,121.1983642578125,78.14154815673828
2023-11-06,176.83824157714844,420.1802673339844,219.27000427246094,37.01191329956055,65.08914184570312,38.97962951660156,32.14962387084961,97.17900848388672,84.83084106445312,63.48322296142578,31.246274948120117,28.2099666595459,122.00689697265625,78.23908233642578
2023-11-07,179.39369201660156,421.3761901855469,222.17999267578125,36.29432678222656,65.4368896484375,38.11543273925781,32.10190200805664,96.93926239013672,85.7582015991211,63.63996124267578,30.984615325927734,28.004222869873047,122.09254455566406,79.11209106445312
2023-11-08,180.4494171142578,421.6847839355469,222.11000061035156,36.40764236450195,65.12776947021484,37.637855529785156,32.14008331298828,97.15982818603516,86.24395751953125,63.391029357910156,31.16507339477539,27.79847526550293,121.92130279541016,78.90238189697266
2023-11-09,179.97579956054688,418.3962097167969,209.97999572753906,36.09605026245117,65.10845184326172,37.524147033691406,32.006446838378906,96.94884490966797,85.84162139892578,63.13290786743164,30.686857223510742,27.43270492553711,119.40050506591797,77.42945861816406
2023-11-10,184.1548614501953,424.9252014160156,214.64999389648438,36.520931243896484,66.14208221435547,37.938053131103516,32.369178771972656,98.34906005859375,88.08395385742188,63.57542419433594,31.02972412109375,27.579017639160156,120.11392211914062,78.71704864501953
2023-11-13,182.57415771484375,424.52008056640625,223.7100067138672,36.46900177001953,65.9971694946289,38.21095657348633,32.321449279785156,98.43534851074219,87.5687484741211,63.77823257446289,30.76805877685547,27.249818801879883,120.80834197998047,79.05357360839844
2023-11-14,185.18234252929688,432.75616455078125,237.41000366210938,37.545372009277344,67.06944274902344,38.55208206176758,32.93236541748047,100.41095733642578,89.32042694091797,64.43281555175781,32.42826843261719,28.337989807128906,121.62641906738281,81.71648406982422
2023-11-15,185.74545288085938,433.6723327636719,242.83999633789062,37.710601806640625,67.39787292480469,38.479305267333984,33.11373519897461,100.6219482421875,89.43327331542969,64.9490737915039,32.50045394897461,28.251121520996094,121.7215347290039,81.81401062011719
2023-11-16,187.42503356933594,434.2027587890625,233.58999633789062,37.82390213012695,67.69734954833984,37.72882080078125,33.24738693237305,100.6411361694336,89.87977600097656,64.14700317382812,32.491432189941406,28.401994705200195,122.24472045898438,80.97515869140625
2023-11-17,187.4052276611328,434.7427978515625,234.3000030517578,37.89471435546875,67.68766784667969,38.52024841308594,33.419193267822266,101.28367614746094,89.69332885742188,64.06403350830078,32.455345153808594,28.47972297668457,121.99740600585938,81.51652526855469
2023-11-20,189.14401245117188,438.0893249511719,235.60000610351562,37.9608154296875,68.4508285522461,38.5748176574707,33.55282974243164,101.5905990600586,90.99357604980469,64.0179443359375,32.707984924316406,28.39284896850586,122.73936462402344,81.93594360351562
2023-11-21,188.3437957763672,437.1345520019531,241.1999969482422,38.10716247558594,68.21897888183594,38.4884033203125,33.53374099731445,101.51385498046875,90.25758361816406,64.2115478515625,32.54557418823242,28.452289581298828,123.4813461303711,81.72624206542969
2023-11-22,189.00570678710938,438.8221740722656,234.2100067138672,38.13076400756836,68.77925109863281,38.470211029052734,33.66737747192383,101.73442840576172,90.65992736816406,64.67250061035156,32.64482498168945,28.589454650878906,124.07110595703125,81.97496795654297
2023-11-24,187.68186950683594,439.0921936035156,235.4499969482422,38.295997619628906,68.54742431640625,38.62940216064453,33.77238082885742,101.9837875366211,90.48329162597656,64.91221618652344,32.77114486694336,28.662609100341797,124.73701477050781,82.0530014038086
2023-11-27,187.50401306152344,438.30145263671875,236.0800018310547,38.248783111572266,68.12236785888672,38.492958068847656,33.657833099365234,101.4083480834961,90.47837829589844,64.72782135009766,32.88843536376953,28.70832633972168,123.95696258544922,82.18468475341797
2023-11-28,188.10667419433594,438.7354431152344,246.72000122070312,38.324317932128906,68.28658294677734,38.502044677734375,33.648284912109375,101.1686019897461,90.65011596679688,65.0228271484375,33.068904876708984,28.799768447875977,123.31964111328125,82.65776062011719
2023-11-29,187.08909606933594,438.42681884765625,244.13999938964844,38.52259826660156,67.7939453125,38.21549987792969,33.886932373046875,101.55220794677734,90.71881103515625,64.49734497070312,33.321533203125,28.571165084838867,123.35768127441406,82.43341064453125
2023-11-30,187.66207885742188,440.153076171875,240.0800018310547,38.904991149902344,67.39787292480469,38.470211029052734,34.26874923706055,102.6646957397461,90.85128021240234,65.1426773071289,33.59222412109375,28.694612503051758,124.90821075439453,82.31637573242188
2023-12-01,188.93655395507812,442.7569885253906,238.8300018310547,39.3487548828125,67.53313446044922,38.67033004760742,34.526485443115234,104.28546142578125,91.05736541748047,65.41002655029297,34.29601287841797,29.04666519165039,125.4028549194336,83.44298553466797
2023-12-04,187.1483612060547,440.43280029296875,235.5800018310547,38.890830993652344,66.85691833496094,38.492958068847656,34.48830795288086,104.45809173583984,89.94847106933594,65.49301147460938,34.48548889160156,28.93235969543457,125.64068603515625,83.12598419189453
2023-12-05,191.09030151367188,440.34600830078125,238.72000122070312,38.35736846923828,66.54779815673828,37.81978988647461,34.31647872924805,103.61415100097656,90.48819732666016,64.97673797607422,34.341121673583984,28.72661781311035,125.47896575927734,83.27229309082031
2023-12-06,190.00355529785156,438.571533203125,239.3699951171875,38.2771110534668,66.3739242553711,37.25579071044922,34.1446647644043,104.07447814941406,89.72277069091797,64.810791015625,34.22383499145508,29.110671997070312,125.57408142089844,83.39421844482422
2023-12-07,191.9300537109375,441.9179382324219,242.63999938964844,38.53675842285156,67.76496887207031,37.001075744628906,34.30693435668945,104.1703872680664,90.81204223632812,65.08736419677734,34.268943786621094,29.04666519165039,125.42190551757812,84.0818862915039
2023-12-08,193.3527069091797,443.8178405761719,243.83999633789062,38.67839431762695,68.083740234375,37.401336669921875,34.48830795288086,104.49645233154297,91.58727264404297,64.6356201171875,34.19676208496094,28.991802215576172,125.63117980957031,84.4671859741211
2023-12-11,190.8531951904297,445.5440979003906,239.74000549316406,38.95220184326172,67.56210327148438,37.44681930541992,34.698299407958984,105.49384307861328,92.3870620727539,65.25330352783203,34.314056396484375,29.179256439208984,126.45874786376953,84.6915283203125
2023-12-12,192.36474609375,447.5789794921875,237.00999450683594,39.178810119628906,67.84224700927734,36.932861328125,34.94649124145508,105.97335815429688,93.00039672851562,65.46533966064453,34.30503845214844,29.060382843017578,127.00093841552734,84.95490264892578
2023-12-13,195.5756378173828,453.7511901855469,239.2899932861328,39.65562057495117,68.47979736328125,37.44681930541992,35.50968933105469,107.15298461914062,93.81981658935547,66.65462493896484,35.550201416015625,30.157691955566406,129.3410186767578,86.06688690185547
2023-12-14,195.72381591796875,455.2073669433594,251.0500030517578,40.31182861328125,68.77925109863281,38.54753112792969,35.86287307739258,108.53398895263672,93.58920288085938,65.67738342285156,36.533687591552734,29.764488220214844,128.7132110595703,87.22277069091797
2023-12-15,195.19032287597656,454.4579772949219,253.5,40.20796203613281,68.60538482666016,38.342857360839844,35.652870178222656,108.39013671875,94.06022644042969,65.67738342285156,36.09156799316406,29.24783706665039,127.61929321289062,87.40322875976562
2023-12-18,193.53054809570312,457.0143127441406,252.0800018310547,40.27024841308594,69.45173645019531,38.656036376953125,35.771827697753906,108.38531494140625,94.34151458740234,66.36106872558594,35.99217224121094,29.181840896606445,127.82757568359375,87.94556427001953
2023-12-19,194.5679168701172,459.7933044433594,257.2200012207031,40.64104461669922,70.15864562988281,39.119834899902344,36.04042053222656,109.22423553466797,94.70049285888672,66.49111938476562,36.23838806152344,29.347990036010742,128.6875457763672,88.63447570800781
2023-12-20,192.4833221435547,453.4219055175781,247.13999938964844,40.01827621459961,69.6163558959961,38.757057189941406,35.397708892822266,107.45960235595703,93.26950073242188,65.1999282836914,35.782440185546875,28.752626419067383,126.82427978515625,87.0172348022461
2023-12-21,192.3351287841797,457.72119140625,254.5,40.44137954711914,70.30390930175781,38.908599853515625,35.743045806884766,108.56853485107422,94.31692504882812,65.65511322021484,36.08336639404297,28.803396224975586,128.3722381591797,88.34131622314453
2023-12-22,191.26812744140625,458.6409912109375,252.5399932861328,40.69334030151367,70.31359100341797,39.02339172363281,35.81978988647461,109.0892333984375,94.43986511230469,66.15670013427734,36.2292594909668,28.900314331054688,129.01239013671875,87.69149780273438
2023-12-26,190.72476196289062,460.57763671875,256.6099853515625,40.88349151611328,70.58473205566406,39.35862350463867,35.96368408203125,109.86064910888672,94.83325958251953,66.43537139892578,36.49370574951172,29.075687408447266,129.299072265625,88.06282043457031
2023-12-27,190.8235626220703,461.410400390625,261.44000244140625,40.98331832885742,70.59442138671875,39.18412399291992,36.078792572021484,110.02458953857422,94.8283462524414,66.74191284179688,36.70344924926758,29.05722427368164,129.84368896484375,88.3657455444336
2023-12-28,191.24838256835938,461.5846862792969,253.17999267578125,40.82644271850586,70.78807067871094,38.587154388427734,36.1843147277832,110.05351257324219,94.94145965576172,66.769775390625,36.931419372558594,29.26491355895996,130.1781005859375,87.90647888183594
2023-12-29,190.21102905273438,460.24847412109375,248.47999572753906,40.66481018066406,70.36200714111328,38.499900817871094,36.0692024230957,109.91851806640625,94.65131378173828,66.90911102294922,36.530181884765625,29.22799301147461,130.31187438964844,87.36412811279297
2024-01-02,183.4040069580078,457.6726989746094,248.4199981689453,40.593502044677734,69.9649658203125,38.913185119628906,36.22268295288086,108.80960845947266,92.17290496826172,67.66151428222656,36.86758041381836,29.652589797973633,132.60508728027344,86.55307006835938
2024-01-03,182.03073120117188,453.9350280761719,238.4499969482422,40.15614318847656,69.70352935791016,39.546897888183594,35.91571044921875,107.18961334228516,91.23368072509766,67.1320571899414,35.99217224121094,29.76335334777832,132.38534545898438,84.80397033691406
2024-01-04,179.7189483642578,452.472900390625,237.92999267578125,40.02778625488281,69.47110748291016,38.85349655151367,36.05960464477539,107.32459259033203,90.56491088867188,67.03915405273438,35.90098571777344,29.671051025390625,133.0446319580078,84.2078857421875
2024-01-05,178.9977264404297,453.0926208496094,237.49000549316406,40.09434509277344,69.76161193847656,38.88563537597656,36.21310043334961,107.44995880126953,90.54029846191406,66.89054107666016,35.82802963256836,29.78181266784668,132.92996215820312,84.33979034423828
2024-01-08,183.32498168945312,459.5609130859375,240.4499969482422,40.265480041503906,70.84620666503906,38.43561935424805,36.443321228027344,108.15387725830078,92.81218719482422,67.38286590576172,36.32044982910156,29.99872398376465,134.10523986816406,85.7762222290039
2024-01-09,182.9100341796875,458.8638000488281,234.9600067138672,39.80436325073242,70.70094299316406,37.82027816772461,36.21310043334961,107.8163833618164,92.95970916748047,67.5593490600586,36.065120697021484,29.754125595092773,134.08615112304688,85.45865631103516
2024-01-10,183.94740295410156,461.45880126953125,233.94000244140625,39.75206756591797,71.35943603515625,37.44831848144531,36.27065658569336,108.36602783203125,93.75141906738281,67.42001342773438,36.119834899902344,29.7495059967041,134.6976776123047,86.14266967773438
2024-01-11,183.35462951660156,461.2554931640625,227.22000122070312,39.63322067260742,71.12702178955078,37.54475021362305,36.136348724365234,108.11531829833984,94.22840881347656,67.41072082519531,35.782440185546875,29.05722427368164,134.60211181640625,86.03028869628906
2024-01-12,183.68063354492188,461.5750427246094,218.88999938964844,39.67125701904297,71.47563934326172,37.96722412109375,36.0692024230957,108.10565948486328,94.53329467773438,67.62438201904297,36.05600357055664,29.223379135131836,134.26766967773438,84.99449920654297
2024-01-16,181.418212890625,459.8804931640625,219.91000366210938,39.214874267578125,71.06892395019531,37.06258773803711,35.81978988647461,107.01602935791016,94.76933288574219,67.2528076171875,35.837154388427734,28.90492820739746,133.46505737304688,84.89677429199219
2024-01-17,180.47964477539062,457.32415771484375,215.5500030517578,38.92964172363281,70.6331558227539,36.754913330078125,35.75263595581055,106.29283142089844,94.30217742919922,67.20636749267578,35.18059539794922,28.484949111938477,133.19749450683594,84.15412139892578
2024-01-18,186.35800170898438,461.3909912109375,211.8800048828125,39.053245544433594,71.49500274658203,36.69522476196289,35.81019592285156,107.72959899902344,96.21507263183594,67.12277221679688,34.9526252746582,28.180343627929688,133.17837524414062,84.63294219970703
2024-01-19,189.25271606445312,467.1427917480469,212.19000244140625,39.09127426147461,72.46338653564453,36.814613342285156,36.385765075683594,108.43352508544922,98.4328384399414,66.92768859863281,35.29001998901367,28.14342498779297,133.2548370361328,85.4488754272461
2024-01-22,191.5546417236328,468.13055419921875,208.8000030517578,39.20536804199219,72.60862731933594,36.95237731933594,36.558441162109375,109.27244567871094,98.8655776977539,66.60256958007812,35.454158782958984,28.000350952148438,133.83770751953125,85.07266998291016
2024-01-23,192.8291015625,469.4957580566406,209.13999938964844,39.33372116088867,73.32522583007812,37.03043746948242,36.61598587036133,109.18567657470703,99.2638931274414,67.3271255493164,35.262664794921875,28.05112075805664,133.74215698242188,84.8674545288086
2024-01-24,192.15728759765625,470.0090637207031,207.8300018310547,38.80128479003906,73.7803726196289,37.558528900146484,36.7598876953125,108.51067352294922,99.94742584228516,66.50039672851562,34.77935791015625,27.668058395385742,132.51910400390625,84.54499816894531
2024-01-25,191.83126831054688,472.56536865234375,182.6300048828125,39.21012496948242,74.98115539550781,38.40346908569336,36.9421501159668,109.55208587646484,100.36540222167969,67.14132690429688,35.25354766845703,28.16649627685547,132.3184356689453,83.4994125366211
2024-01-26,190.10235595703125,471.9649963378906,183.25,39.2243766784668,75.2232437133789,38.68817901611328,37.07646179199219,109.37853240966797,99.20980072021484,67.4664535522461,35.09852600097656,28.249570846557617,133.07333374023438,83.8805160522461
2024-01-29,189.42063903808594,475.7027587890625,190.92999267578125,39.419288635253906,75.8526840209961,38.633079528808594,37.17238235473633,110.09209442138672,100.11953735351562,67.85661315917969,35.35385513305664,28.429561614990234,134.00970458984375,85.10687255859375
2024-01-30,185.7751007080078,475.3347473144531,191.58999633789062,39.59994888305664,75.33944702148438,39.0325813293457,37.64242935180664,110.13066864013672,99.29340362548828,68.2374496459961,35.025569915771484,28.420333862304688,134.31546020507812,85.0580062866211
2024-01-31,182.178955078125,467.57855224609375,187.2899932861328,39.081764221191406,73.48017120361328,38.30244827270508,37.181976318359375,108.85780334472656,97.20838928222656,67.73583984375,34.77024459838867,28.360340118408203,134.1339111328125,83.50919342041016
2024-02-01,184.6093292236328,473.6983337402344,188.86000061035156,39.73305130004883,74.23551940917969,38.297847747802734,37.23952865600586,110.709228515625,98.4328384399414,69.11993408203125,35.38120651245117,28.900314331054688,135.87294006347656,85.11663818359375
2024-02-02,183.61148071289062,478.68505859375,187.91000366210938,39.50010681152344,77.21807861328125,38.35295486450195,37.39301681518555,111.45172882080078,99.45075988769531,68.89696502685547,34.93437957763672,28.378799438476562,135.67227172851562,86.63615417480469
2024-02-05,185.41941833496094,476.942138671875,181.05999755859375,38.49703598022461,76.1335220336914,38.25652313232422,37.17238235473633,110.84423065185547,99.67694091796875,68.46968078613281,34.24134063720703,27.78805160522461,136.09268188476562,85.41468048095703
2024-02-06,187.0199432373047,478.32684326171875,185.10000610351562,39.17684555053711,75.9011001586914,38.38050842285156,37.24912643432617,111.83744812011719,99.2196273803711,68.6275863647461,34.76112747192383,27.889585494995117,137.57374572753906,85.93258666992188
2024-02-07,187.12860107421875,482.3162841796875,187.5800018310547,39.490604400634766,76.28845977783203,38.45857620239258,37.527320861816406,112.5799331665039,100.53260040283203,68.56256866455078,34.74288558959961,27.908048629760742,137.94639587402344,86.89508819580078
2024-02-08,186.05177307128906,482.5292663574219,189.55999755859375,39.43830490112305,76.57896423339844,38.85349655151367,37.383426666259766,112.59922790527344,100.8473129272461,68.54399108886719,34.93437957763672,27.709590911865234,137.70750427246094,87.27619171142578
2024-02-09,186.81341552734375,485.3180236816406,193.57000732421875,39.52387619018555,76.66612243652344,38.25652313232422,37.48894500732422,112.7728042602539,102.20453643798828,67.91233825683594,35.025569915771484,27.815744400024414,137.60240173339844,87.89669036865234
2024-02-12,185.13174438476562,485.1050109863281,188.1300048828125,39.83763885498047,76.908203125,38.678993225097656,37.66161346435547,112.93672943115234,101.42758178710938,68.3953628540039,34.9161491394043,28.138809204101562,137.783935546875,87.82341003417969
2024-02-13,183.04449462890625,478.42364501953125,184.02000427246094,39.276676177978516,75.82364654541016,38.288665771484375,37.1531982421875,111.77958679199219,99.70645141601562,67.66151428222656,34.277828216552734,27.67267417907715,136.50352478027344,86.07427978515625
2024-02-14,182.16412353515625,482.7713623046875,188.7100067138672,39.52863693237305,77.03411102294922,38.251930236816406,37.50812911987305,113.6502914428711,100.74896240234375,67.5314712524414,34.50579833984375,27.82497215270996,137.68841552734375,86.9830322265625
2024-02-15,181.87722778320312,486.10235595703125,200.4499969482422,40.274993896484375,77.66354370117188,39.31729507446289,38.15085220336914,114.49885559082031,100.53752136230469,67.96807861328125,35.33561706542969,28.291109085083008,138.691650390625,87.98951721191406
2024-02-16,180.34393310546875,483.6816101074219,199.9499969482422,40.48891830444336,76.45307922363281,39.29433059692383,38.01655578613281,113.81421661376953,99.61302185058594,68.07024383544922,34.970855712890625,28.258800506591797,139.14077758789062,87.46674346923828
2024-02-20,179.60203552246094,481.0187072753906,193.75999450683594,40.40334701538086,76.33687591552734,38.9361457824707,37.91102981567383,113.45743560791016,98.60003662109375,68.78551483154297,34.9161491394043,28.240339279174805,138.6725616455078,86.64102935791016
2024-02-21,180.35385131835938,481.4544982910156,194.77000427246094,40.62678146362305,76.24971771240234,39.666282653808594,38.02613830566406,113.91062927246094,97.98043823242188,69.03630828857422,35.17147445678711,28.614173889160156,138.9783172607422,87.28107452392578
2024-02-22,182.38174438476562,491.4183654785156,197.41000366210938,41.03561782836914,77.39240264892578,39.73517990112305,38.46742248535156,115.3185043334961,101.18663024902344,69.24996185302734,35.262664794921875,28.392642974853516,140.61224365234375,88.97647094726562
2024-02-23,180.5516815185547,491.75732421875,191.97000122070312,41.2780647277832,77.19872283935547,39.47342300415039,38.659271240234375,115.92601776123047,100.9505844116211,69.46361541748047,35.30826187133789,28.595714569091797,141.28106689453125,88.57583618164062
2024-02-26,179.20635986328125,489.9562683105469,199.39999389648438,41.03086471557617,76.07540893554688,39.611183166503906,38.46742248535156,115.75243377685547,101.04893493652344,69.18494415283203,34.90702438354492,28.03265953063965,140.55491638183594,88.84943389892578
2024-02-27,180.66049194335938,490.8664245605469,199.72999572753906,41.182987213134766,76.69515991210938,39.44127655029297,38.57293701171875,115.92601776123047,101.1374282836914,69.19422912597656,34.93437957763672,28.56340217590332,140.21092224121094,89.14259338378906
2024-02-28,179.46353149414062,490.21771240234375,202.0399932861328,41.311336517333984,76.17224884033203,39.363224029541016,38.716835021972656,116.32135009765625,100.66045379638672,69.26854705810547,35.38120651245117,28.651092529296875,139.51339721679688,89.49436950683594
2024-02-29,178.80078125,491.97998046875,201.8800048828125,41.625099182128906,76.8501205444336,39.55607604980469,38.69764709472656,116.67813110351562,101.7816390991211,69.15705871582031,35.66389465332031,28.660322189331055,138.37635803222656,90.10023498535156
2024-03-01,177.72251892089844,496.5988464355469,202.63999938964844,41.815250396728516,77.4892349243164,40.01528549194336,38.64968490600586,117.1795654296875,103.64042663574219,69.16635131835938,36.05600357055664,28.484949111938477,139.82872009277344,90.39827728271484
2024-03-04,173.21173095703125,496.0662841796875,188.13999938964844,42.119503021240234,76.4724349975586,39.588218688964844,38.74560546875,117.60384368896484,103.64042663574219,69.22210693359375,36.46635055541992,28.964923858642578,139.61849975585938,89.17680358886719
2024-03-05,168.28538513183594,491.1085510253906,180.74000549316406,41.89606857299805,75.8526840209961,39.88211441040039,38.75520324707031,116.63955688476562,101.09319305419922,69.38928985595703,36.00128936767578,28.881853103637695,138.57701110839844,88.06770324707031
2024-03-06,167.2961883544922,493.5970764160156,176.5399932861328,42.20507049560547,75.9592056274414,40.006107330322266,38.95665740966797,117.24705505371094,101.89473724365234,69.9745101928711,36.201908111572266,29.158761978149414,139.52296447753906,87.75502014160156
2024-03-07,167.17750549316406,498.4967346191406,178.64999389648438,42.72324752807617,77.18904876708984,40.34591293334961,38.89909744262695,118.19205474853516,103.50273895263672,70.3739242553711,36.201908111572266,29.347990036010742,140.1726531982422,88.42436981201172
2024-03-08,168.88882446289062,495.504638671875,175.33999633789062,42.476043701171875,77.07282257080078,40.4882698059082,38.966251373291016,117.93170166015625,101.96359252929688,69.81661224365234,36.6304931640625,29.421829223632812,139.91468811035156,88.09700775146484
2024-03-11,170.8870391845703,495.07861328125,177.77000427246094,42.95618438720703,76.92757415771484,40.906150817871094,39.03339767456055,117.32420349121094,101.68328094482422,70.19744110107422,36.448116302490234,29.569517135620117,139.83827209472656,87.85761260986328
2024-03-12,171.36184692382812,500.4043884277344,177.5399932861328,42.95143508911133,77.60543823242188,40.84185791015625,39.19647216796875,117.84491729736328,103.76829528808594,70.5597152709961,36.35692596435547,29.28337287902832,140.48800659179688,88.61490631103516
2024-03-13,169.28453063964844,499.6199951171875,169.47999572753906,43.37453079223633,77.74100494384766,41.49393081665039,39.484256744384766,118.16313171386719,102.64710998535156,70.73621368408203,36.12895965576172,29.481826782226562,139.94338989257812,88.42926025390625
2024-03-14,171.1343231201172,498.63232421875,162.5,43.14634704589844,77.5570297241211,41.92099380493164,39.16769790649414,117.66169738769531,102.66677856445312,70.18814849853516,35.61830139160156,29.246450424194336,139.44651794433594,87.86739349365234
2024-03-15,170.75845336914062,495.2083740234375,163.57000732421875,43.16536331176758,76.78231811523438,42.044979095458984,39.12932205200195,117.68099975585938,101.11779022216797,70.16028594970703,35.60006332397461,29.287988662719727,138.89231872558594,86.99281311035156
2024-03-18,171.84658813476562,498.15155029296875,173.8000030517578,43.244083404541016,78.35921478271484,42.190338134765625,39.35367965698242,117.88992309570312,101.61476135253906,70.61131286621094,35.59455108642578,29.422935485839844,138.8760223388672,87.65727233886719
2024-03-19,174.18112182617188,500.9197998046875,171.32000732421875,43.24884796142578,78.33009338378906,42.6717643737793,39.546260833740234,118.90554809570312,102.14179992675781,70.87333679199219,35.59455108642578,29.68352508544922,139.796630859375,88.41622924804688
2024-03-20,176.7432098388672,505.552978515625,175.66000366210938,43.68301773071289,79.25253295898438,42.611595153808594,40.01808547973633,120.33709716796875,103.2845458984375,71.08854675292969,35.74144744873047,29.720746994018555,139.48016357421875,89.73339080810547
2024-03-21,169.5219268798828,507.22369384765625,172.82000732421875,43.86430358886719,79.28166961669922,42.86619567871094,40.3454704284668,121.52682495117188,103.3584213256836,71.12596893310547,35.87916564941406,29.674217224121094,139.66238403320312,90.25732421875
2024-03-22,170.42210388183594,506.26214599609375,170.8300018310547,43.592369079589844,79.44672393798828,42.77360916137695,39.883277893066406,121.11090087890625,103.39291381835938,70.77974700927734,35.45683288574219,29.71609878540039,139.4705810546875,89.46898651123047
2024-03-25,169.00755310058594,504.8634033203125,172.6300048828125,43.6066780090332,79.17485046386719,43.171722412109375,39.72920227050781,120.32743072509766,102.70824432373047,70.583251953125,35.31912612915039,29.855695724487305,139.27879333496094,89.17517852783203
2024-03-26,167.8798370361328,503.9307861328125,177.6699981689453,43.573280334472656,79.00979614257812,42.838417053222656,39.86402130126953,119.89215850830078,102.28463745117188,70.62068176269531,35.1722297668457,29.516002655029297,139.78704833984375,89.28780364990234
2024-03-27,171.44100952148438,508.1658935546875,179.8300018310547,44.19827651977539,79.4176025390625,43.23653030395508,40.33584213256836,121.81700897216797,102.8067626953125,71.35991668701172,36.062774658203125,30.339637756347656,141.6474151611328,90.32097625732422
2024-03-28,169.63075256347656,508.0687561035156,175.7899932861328,44.31755065917969,79.2913818359375,43.704078674316406,40.55730438232422,121.83634948730469,102.58509063720703,71.4534912109375,36.29230499267578,30.54903793334961,141.6665802001953,90.04187774658203
2024-04-01,168.19639587402344,507.1847229003906,175.22000122070312,44.21259307861328,79.90309143066406,44.02812194824219,40.33584213256836,120.89810180664062,102.87078094482422,70.88269805908203,35.658817291259766,30.362905502319336,140.4582977294922,89.37104034423828
2024-04-02,167.01922607421875,503.9600830078125,166.6300048828125,44.05037307739258,79.7768783569336,44.64380645751953,40.12400436401367,120.33709716796875,101.88075256347656,70.51773834228516,35.264034271240234,30.414093017578125,138.2718963623047,88.05387115478516
2024-04-03,167.82046508789062,504.5136413574219,168.3800048828125,44.31277847290039,80.40801239013672,44.94933319091797,40.1047477722168,120.95613861083984,102.15165710449219,69.74108123779297,35.28239822387695,30.29310417175293,138.1184539794922,88.1175537109375
2024-04-04,166.99945068359375,498.35552978515625,171.11000061035156,43.86430358886719,79.32049560546875,44.92155456542969,39.65218734741211,119.89215850830078,100.53607177734375,69.4416275024414,35.00697708129883,30.23261260986328,136.12384033203125,87.0843734741211
2024-04-05,167.75120544433594,503.5617370605469,164.89999389648438,44.26029586791992,80.12641906738281,45.402984619140625,40.027706146240234,121.55584716796875,101.68865203857422,69.55392456054688,35.23649215698242,30.321027755737305,137.3417205810547,87.56912231445312
2024-04-08,166.63339233398438,503.8433837890625,172.97999572753906,44.29369354248047,80.1361312866211,45.1159782409668,40.20103454589844,121.34304809570312,101.57044219970703,69.45099639892578,35.53946304321289,30.5211181640625,136.9005584716797,88.40153503417969
2024-04-09,167.84027099609375,504.42626953125,176.8800048828125,44.39865493774414,80.22354888916016,45.12986755371094,39.96993637084961,121.06254577636719,102.08271026611328,69.7878646850586,35.98933029174805,30.688634872436523,137.3896484375,88.81774139404297
2024-04-10,165.97067260742188,499.3753967285156,171.75999450683594,43.706871032714844,79.5923843383789,45.26873779296875,39.3729362487793,120.02757263183594,100.83161163330078,69.53520965576172,34.51119613647461,30.162813186645508,135.7786102294922,87.44671630859375
2024-04-11,173.15232849121094,503.1441345214844,174.60000610351562,43.673465728759766,80.29150390625,45.23633575439453,39.09369659423828,120.1629867553711,102.8461685180664,69.36678314208984,34.54792022705078,30.10232162475586,135.22238159179688,88.15180969238281
2024-04-12,174.6460723876953,496.1991882324219,171.0500030517578,42.900569915771484,78.97093963623047,44.50029373168945,38.573734283447266,118.87653350830078,101.18132019042969,68.66497039794922,34.18986892700195,29.87430763244629,133.20863342285156,86.72203826904297
2024-04-15,170.8277130126953,489.9827575683594,161.47999572753906,42.69541931152344,77.97083282470703,44.08366775512695,38.38115692138672,118.02532196044922,99.26033782958984,68.38423919677734,33.593101501464844,29.599761962890625,132.94007873535156,85.27757263183594
2024-04-16,167.55340576171875,489.089111328125,157.11000061035156,42.36622619628906,77.70864868164062,43.6994514465332,38.12117385864258,117.75450134277344,99.3785629272461,68.41231536865234,33.07896041870117,29.208881378173828,132.988037109375,84.7928237915039
2024-04-17,166.18826293945312,486.19451904296875,155.4499969482422,42.46165084838867,77.64069366455078,43.574462890625,38.21746063232422,117.14511108398438,97.94522094726562,68.66497039794922,32.80354309082031,29.818471908569336,132.7578887939453,84.38150024414062
2024-04-18,165.23861694335938,485.19415283203125,149.92999267578125,42.4759521484375,78.01936340332031,43.440208435058594,38.352264404296875,116.73887634277344,96.82710266113281,68.98312377929688,32.812721252441406,29.98598861694336,132.748291015625,83.85757446289062
2024-04-19,163.2206268310547,480.95916748046875,147.0500030517578,42.44255828857422,77.16490173339844,43.963314056396484,38.88187026977539,116.52608489990234,94.83223724365234,69.65686798095703,32.941261291503906,30.44666290283203,133.24696350097656,83.12310791015625
2024-04-22,164.05157470703125,485.38836669921875,142.0500030517578,42.485496520996094,77.2717056274414,44.25031661987305,39.35367965698242,117.40629577636719,95.679443359375,70.32123565673828,33.20750427246094,30.725862503051758,133.75518798828125,83.49034118652344
2024-04-23,165.10015869140625,491.1482849121094,144.67999267578125,42.118141174316406,78.44660186767578,44.49566650390625,39.604034423828125,119.04096984863281,97.0980224609375,70.51773834228516,33.51047897338867,30.870113372802734,135.50048828125,84.48433685302734
2024-04-24,167.197265625,490.91522216796875,162.1300048828125,42.14676284790039,78.49516296386719,44.528072357177734,39.59440994262695,118.0930404663086,97.54130554199219,71.0511245727539,33.63901138305664,31.056255340576172,135.07858276367188,85.29225158691406
2024-04-25,168.05789184570312,489.0502624511719,170.17999267578125,42.44733810424805,75.69869232177734,44.73175048828125,39.36330795288086,118.45093536376953,97.32951354980469,70.88269805908203,33.44621276855469,31.140012741088867,134.17713928222656,85.36570739746094
2024-04-26,167.4742431640625,493.6834716796875,168.2899932861328,42.70973205566406,77.78633880615234,44.31975555419922,39.30553436279297,118.6443862915039,98.42791748046875,70.73296356201172,33.473751068115234,30.800323486328125,134.2154998779297,86.13447570800781
2024-04-29,171.62896728515625,495.43182373046875,194.0500030517578,43.06755828857422,76.88330841064453,44.62065505981445,39.24776077270508,119.43754577636719,98.85150909423828,70.9575424194336,33.85017395019531,31.219118118286133,134.6662139892578,88.13713073730469
2024-04-30,168.49314880371094,487.5835266113281,183.27999877929688,42.285118103027344,75.60160064697266,43.292076110839844,38.86260223388672,117.54170989990234,96.67440032958984,70.64875030517578,33.22586441040039,31.056255340576172,134.57032775878906,85.99246215820312
2024-05-01,167.4742431640625,486.0003356933594,179.99000549316406,42.50457763671875,76.30071258544922,42.60232925415039,38.86260223388672,117.25152587890625,95.68436431884766,70.19960021972656,33.244224548339844,31.4145565032959,134.81002807617188,85.45384979248047
2024-05-02,171.16403198242188,490.5461120605469,180.00999450683594,42.285118103027344,77.06778717041016,42.84767532348633,38.958885192871094,117.9286117553711,97.06353759765625,70.78911590576172,33.721641540527344,31.58207893371582,134.71414184570312,86.53105926513672
2024-05-03,181.4024200439453,496.6265869140625,181.19000244140625,42.714508056640625,77.8834228515625,42.8523063659668,39.045555114746094,118.75077819824219,99.7676773071289,71.00433349609375,33.987884521484375,31.833354949951172,135.04977416992188,87.11376190185547
2024-05-06,179.7504119873047,501.755126953125,184.75999450683594,42.97214126586914,78.94181823730469,43.190242767333984,39.546260833740234,119.95018005371094,100.9399642944336,71.04175567626953,33.99706268310547,31.996225357055664,135.5963897705078,88.0440902709961
2024-05-07,180.43296813964844,502.3088073730469,177.80999755859375,43.48263168334961,79.02920532226562,43.1485710144043,39.68107223510742,120.27906799316406,100.60995483398438,71.81842803955078,34.355125427246094,32.35918426513672,136.71839904785156,87.41244506835938
2024-05-08,180.76931762695312,502.35736083984375,174.72000122070312,43.282249450683594,78.9029769897461,43.097652435302734,39.82551193237305,120.27906799316406,100.8956298828125,71.60320281982422,34.033790588378906,32.69887161254883,136.24850463867188,87.0843734741211
2024-05-09,182.57960510253906,505.25189208984375,171.97000122070312,43.764122009277344,79.30107116699219,43.676300048828125,40.12400436401367,121.47846221923828,100.86608123779297,72.2208023071289,34.84171676635742,33.196773529052734,137.41842651367188,87.6768569946289
2024-05-10,181.32159423828125,505.9027404785156,168.47000122070312,43.81660079956055,79.4176025390625,43.43558120727539,40.27806854248047,121.56552124023438,101.24041748046875,72.63252258300781,34.71317672729492,33.16419982910156,137.696533203125,87.20679473876953
2024-05-13,184.52105712890625,505.97064208984375,171.88999938964844,43.78797149658203,79.27195739746094,43.31985092163086,40.1143684387207,121.05287170410156,101.71821594238281,72.42666625976562,34.804988861083984,33.16419982910156,137.562255859375,87.09417724609375
2024-05-14,185.6602020263672,508.29205322265625,177.5500030517578,43.83091354370117,79.6312255859375,43.37540054321289,40.31658172607422,121.02384948730469,102.61959075927734,72.28630065917969,35.05287551879883,33.25261306762695,138.14718627929688,87.49078369140625
2024-05-15,187.9285888671875,514.5862426757812,173.99000549316406,43.90725326538086,80.1361312866211,43.47261428833008,40.615081787109375,121.81700897216797,104.9296875,72.33309936523438,35.64963912963867,33.750526428222656,140.1993865966797,87.62299346923828
2024-05-16,188.04747009277344,513.5275268554688,174.83999633789062,43.592369079589844,80.07789611816406,43.35226058959961,40.615081787109375,121.09156036376953,104.56517791748047,73.36241149902344,35.58536911010742,33.63418960571289,140.036376953125,87.05501556396484
2024-05-17,188.07717895507812,514.265625,177.4600067138672,43.964500427246094,80.21380615234375,43.95867919921875,40.91357421875,121.22698211669922,104.33369445800781,73.18462371826172,35.58536911010742,33.662109375,140.30487060546875,87.50057220458984
2024-05-20,189.2361297607422,514.8582763671875,174.9499969482422,44.026519775390625,80.44685363769531,43.67167282104492,40.35509490966797,121.45912170410156,105.56015014648438,72.67931365966797,35.365028381347656,33.60627365112305,140.00758361816406,86.8493423461914
2024-05-21,190.53378295898438,516.1209716796875,186.60000610351562,44.026519775390625,80.34004211425781,43.4587287902832,40.615081787109375,121.06254577636719,105.73255157470703,73.10975646972656,35.33748245239258,33.90874099731445,140.24734497070312,87.40753936767578
2024-05-22,189.09742736816406,514.6348876953125,180.11000061035156,43.597129821777344,80.43714904785156,42.62548065185547,40.38397979736328,121.20762634277344,105.96897888183594,72.81967163085938,35.034515380859375,33.508544921875,140.49664306640625,86.4968032836914
2024-05-23,185.11541748046875,510.8758850097656,173.74000549316406,43.210689544677734,79.5244140625,42.236629486083984,39.82551193237305,119.77607727050781,105.10700225830078,71.95878601074219,34.290855407714844,32.94084548950195,138.9623260498047,85.09638214111328
2024-05-24,188.18612670898438,514.2560424804688,179.24000549316406,43.58759689331055,80.54395294189453,42.29680633544922,40.06623077392578,120.38545989990234,105.99360656738281,72.14593505859375,34.290855407714844,33.27123260498047,138.49244689941406,85.9532699584961
2024-05-28,188.196044921875,514.6154174804688,176.75,43.42061233520508,80.67988586425781,42.73194885253906,39.623294830322266,118.91522216796875,106.44184875488281,71.5844955444336,34.08888244628906,33.2386589050293,136.81427001953125,85.74273681640625
2024-05-29,188.49322509765625,511.0116882324219,176.19000244140625,42.80038070678711,80.2526626586914,41.97739028930664,39.30553436279297,117.23218536376953,105.76702880859375,71.06983184814453,33.76753616333008,32.810550689697266,135.74981689453125,85.17963409423828
2024-05-30,189.4837646484375,507.6219482421875,178.7899932861328,43.14866256713867,79.990478515625,42.097755432128906,39.51737976074219,118.0350112915039,103.3534927368164,71.25698852539062,34.25413513183594,33.25261306762695,135.81695556640625,85.68396759033203
2024-05-31,190.43470764160156,512.2453002929688,178.0800018310547,43.668701171875,80.84495544433594,43.143943786621094,40.095115661621094,119.46656799316406,103.51605224609375,72.37052154541016,34.93351745605469,33.83893585205078,137.802001953125,86.1638412475586
2024-06-03,192.1979217529297,512.6631469726562,176.2899932861328,43.41106033325195,81.1653823852539,42.014434814453125,39.84476089477539,118.00599670410156,103.777099609375,72.34244537353516,34.79581069946289,33.45271301269531,138.7705535888672,86.12466430664062
2024-06-04,192.514892578125,513.2362060546875,174.77000427246094,42.929195404052734,81.47611236572266,41.61168670654297,39.66180419921875,117.7158203125,103.99383544921875,72.96939849853516,35.126319885253906,33.43875503540039,139.17332458496094,86.21280670166016
2024-06-05,194.0205078125,519.3359985351562,175.0,43.224998474121094,82.4665298461914,41.607059478759766,39.7773551940918,118.90554809570312,106.30391693115234,72.81031036376953,35.080421447753906,33.247962951660156,139.80621337890625,86.71714782714844
2024-06-06,192.6436309814453,519.3262329101562,177.94000244140625,43.272708892822266,82.51507568359375,41.82463073730469,39.75809860229492,118.19944763183594,105.94928741455078,73.0348892211914,35.135501861572266,32.90361785888672,140.2665252685547,87.34879302978516
2024-06-07,195.03089904785156,518.6949462890625,177.47999572753906,42.83854675292969,81.95188903808594,41.65797805786133,39.94104766845703,118.32518768310547,106.19554901123047,72.66996765136719,34.860076904296875,32.545310974121094,140.41993713378906,86.99134063720703
2024-06-10,191.29647827148438,520.297607421875,173.7899932861328,42.795616149902344,82.15579986572266,41.97276306152344,39.7869873046875,118.69276428222656,106.46647644042969,72.61381530761719,35.034515380859375,32.964107513427734,140.9377899169922,87.27043914794922
2024-06-11,205.1940155029297,521.5506591796875,170.66000366210938,42.78129577636719,82.31116485595703,41.88943862915039,39.33442306518555,118.01567077636719,108.44654083251953,72.57638549804688,34.924346923828125,32.76402282714844,140.35279846191406,87.0403060913086
2024-06-12,211.05812072753906,525.8341674804688,177.2899932861328,42.862403869628906,82.13639068603516,41.44040298461914,39.29591369628906,119.13768005371094,110.8453140258789,71.78099822998047,35.1722297668457,32.549964904785156,140.05555725097656,87.9461441040039
2024-06-13,212.2170867919922,526.8929443359375,182.47000122070312,42.848087310791016,81.42755126953125,41.060813903808594,39.26701736450195,118.37354278564453,111.7220687866211,71.87458038330078,35.34667205810547,32.62441635131836,139.94046020507812,88.01470947265625
2024-06-14,210.4835968017578,527.21337890625,178.00999450683594,42.45210266113281,81.68972778320312,40.75529098510742,39.141845703125,117.18383026123047,112.14073181152344,72.00558471679688,35.374202728271484,32.545310974121094,139.89251708984375,87.31939697265625
2024-06-17,214.62413024902344,531.4094848632812,187.44000244140625,42.76698684692383,82.07811737060547,40.86176300048828,39.48848342895508,118.47994995117188,113.84007263183594,72.68865966796875,35.19059371948242,32.187007904052734,139.74864196777344,88.85201263427734
2024-06-18,212.26658630371094,532.759765625,184.86000061035156,42.719276428222656,81.59262084960938,41.033042907714844,39.73884201049805,119.11834716796875,113.98291778564453,72.78225708007812,35.32829666137695,32.200965881347656,139.93087768554688,88.55333709716797
2024-06-20,207.7001190185547,531.3124389648438,181.57000732421875,42.7622184753418,81.94216918945312,41.787601470947266,39.95068359375,119.19572448730469,112.70223999023438,72.6231689453125,35.23649215698242,32.480167388916016,140.3911590576172,88.66594696044922
2024-06-21,205.5308074951172,530.60009765625,183.00999450683594,42.76698684692383,82.47623443603516,41.546875,39.79661560058594,118.9442367553711,112.50523376464844,72.67931365966797,35.32829666137695,32.28937911987305,140.7843475341797,89.41512298583984
2024-06-24,206.17466735839844,528.875244140625,182.5800018310547,43.04262161254883,82.75273132324219,42.5944709777832,40.20553207397461,119.44992065429688,109.74701690673828,73.45430755615234,35.566654205322266,32.71390151977539,141.60552978515625,89.0333480834961
2024-06-25,207.09588623046875,530.9119873046875,187.35000610351562,42.49613571166992,83.67759704589844,42.692474365234375,39.90585708618164,118.43079376220703,111.7601547241211,72.98290252685547,35.06584167480469,32.40430450439453,141.16268920898438,88.6751480102539
2024-06-26,211.23641967773438,531.5746459960938,196.3699951171875,42.467376708984375,83.68734741210938,42.27249526977539,39.654510498046875,118.1104965209961,111.63188171386719,72.8320541381836,35.01947021484375,32.268272399902344,140.66209411621094,89.96077728271484
2024-06-27,212.07839965820312,532.41259765625,197.4199981689453,42.34754180908203,84.16439056396484,42.37049102783203,39.606178283691406,118.23667907714844,111.68614196777344,72.52093505859375,35.33478927612305,32.32456970214844,140.43101501464844,90.51036071777344
2024-06-28,208.63124084472656,530.3175659179688,197.8800048828125,42.333152770996094,83.39527893066406,42.5338134765625,39.74150848388672,118.28521728515625,111.6269302368164,72.20037078857422,35.62229537963867,31.963367462158203,140.3155059814453,89.50443267822266
2024-07-01,214.70338439941406,531.4089965820312,209.86000061035156,41.68121337890625,83.04479217529297,42.5571403503418,39.82851791381836,117.01373291015625,112.47069549560547,71.69124603271484,35.27914810180664,31.74289894104004,139.5260772705078,89.80866241455078
2024-07-02,218.19015502929688,534.9851684570312,231.25999450683594,41.75791931152344,83.78470611572266,42.524478912353516,40.29253387451172,117.65432739257812,113.03318786621094,72.1909408569336,35.42754364013672,31.907073974609375,139.01585388183594,91.55557250976562
2024-07-03,219.4580535888672,537.3726196289062,246.38999938964844,42.06949996948242,83.81390380859375,42.71113204956055,40.166866302490234,118.08139038085938,114.55786895751953,72.06838989257812,35.39044189453125,32.09939956665039,137.9568634033203,92.13951873779297
2024-07-05,224.2028045654297,540.4713134765625,251.52000427246094,42.13661575317383,85.43975067138672,42.04384231567383,40.15719985961914,117.65432739257812,114.908203125,72.9546127319336,35.52027893066406,32.155696868896484,139.02549743652344,92.8902816772461
2024-07-08,225.66883850097656,541.0950317382812,252.94000244140625,42.26124954223633,84.67063903808594,41.78719711303711,40.05086135864258,117.79991912841797,115.6927490234375,72.84147644042969,35.60374450683594,32.18852615356445,138.87144470214844,92.9344482421875
2024-07-09,226.52072143554688,541.6212768554688,262.3299865722656,41.82981872558594,84.93348693847656,41.418556213378906,40.36021423339844,117.2854995727539,115.59898376464844,72.65290832519531,35.6130256652832,32.282344818115234,139.54534912109375,93.24359130859375
2024-07-10,230.78012084960938,546.980712890625,263.260009765625,42.390682220458984,85.46895599365234,41.69853591918945,40.51488494873047,118.33373260498047,117.2766342163086,72.97347259521484,35.86342239379883,32.58724594116211,140.86427307128906,93.9452896118164
2024-07-11,225.4212188720703,542.2642822265625,241.02999877929688,42.97071838378906,84.30068969726562,42.132503509521484,40.83389663696289,119.83815002441406,114.34075927734375,72.70005798339844,36.81867599487305,33.182979583740234,141.85585021972656,92.75289154052734
2024-07-12,228.3631591796875,545.6845703125,248.22999572753906,43.38298034667969,84.02808380126953,42.23983383178711,40.96923065185547,120.52725219726562,115.36215209960938,73.0206069946289,37.08762741088867,33.42691421508789,142.74154663085938,93.96492004394531
2024-07-15,232.18670654296875,547.1853637695312,252.63999938964844,43.27272415161133,84.32989501953125,42.87912368774414,41.56859588623047,121.39107513427734,115.56938171386719,72.59635162353516,37.24528884887695,32.615394592285156,142.24093627929688,93.85697937011719
2024-07-16,232.60275268554688,550.4302368164062,256.55999755859375,44.11162185668945,84.55380249023438,43.07044219970703,42.04228973388672,124.41930389404297,115.18451690673828,73.29402923583984,37.59770202636719,32.86869812011719,144.27227783203125,95.54008483886719
2024-07-17,226.71884155273438,542.7125854492188,248.5,44.020545959472656,83.27845001220703,43.499752044677734,42.36130905151367,122.82754516601562,110.70423889160156,74.23683166503906,37.931575775146484,32.8874626159668,144.92691040039062,93.9452896118164
2024-07-18,222.06320190429688,538.5418090820312,249.22999572753906,43.58430099487305,83.2297592163086,43.57907485961914,41.848941802978516,121.86666107177734,110.71410369873047,73.86914825439453,37.61626052856445,32.85932159423828,141.63442993164062,92.9884262084961
2024-07-19,222.19198608398438,534.965576171875,239.1999969482422,43.19601821899414,82.85981750488281,43.10310745239258,41.423587799072266,121.19697570800781,108.9822006225586,73.62400817871094,37.569881439208984,32.896846771240234,142.35647583007812,92.15912628173828
2024-07-22,221.84527587890625,540.4810791015625,251.50999450683594,43.339839935302734,83.21029663085938,42.83245849609375,41.655601501464844,122.42960357666016,111.56278991699219,73.671142578125,37.940853118896484,33.17360305786133,143.17478942871094,93.17488861083984
2024-07-23,222.88536071777344,539.6332397460938,246.3800048828125,43.51240158081055,83.09346008300781,42.15117645263672,41.732933044433594,122.19666290283203,111.11871337890625,73.40716552734375,37.87593078613281,32.967201232910156,143.08815002441406,92.7577896118164
2024-07-24,216.47645568847656,527.4038696289062,215.99000549316406,42.95634460449219,80.92243194580078,42.15583419799805,41.1625862121582,119.56637573242188,106.52001953125,73.34117126464844,37.356571197509766,33.3377799987793,144.28189086914062,88.96466064453125
2024-07-25,215.43638610839844,524.6558227539062,220.25,43.0761833190918,79.9878158569336,42.883785247802734,41.31725311279297,120.52725219726562,105.38021850585938,73.25630950927734,37.15254592895508,33.0610237121582,143.55984497070312,88.61624908447266
2024-07-26,215.90194702148438,530.5318603515625,219.8000030517578,43.780853271484375,81.48710632324219,43.01912307739258,41.96494674682617,122.58489990234375,106.71737670898438,74.00113677978516,37.773921966552734,33.38469314575195,144.36854553222656,89.60747528076172
2024-07-29,216.17930603027344,530.84375,232.10000610351562,43.85755920410156,82.2075424194336,42.65047073364258,41.906944274902344,122.37137603759766,106.24369812011719,74.0294189453125,38.015052795410156,33.53479766845703,144.4552001953125,91.10411834716797
2024-07-30,216.7340087890625,528.1542358398438,222.6199951171875,43.713741302490234,82.53854370117188,43.31310272216797,42.39030456542969,122.73048400878906,103.57429504394531,73.52972412109375,38.29327392578125,33.70835876464844,144.580322265625,90.59870147705078
2024-07-31,219.98304748535156,536.7391967773438,232.07000732421875,44.16913986206055,83.52183532714844,43.495086669921875,42.283966064453125,124.09900665283203,107.96080780029297,73.39773559570312,38.20052719116211,34.14460754394531,144.05084228515625,92.00210571289062
2024-08-01,216.29815673828125,529.1385498046875,216.86000061035156,43.99177169799805,83.86257934570312,42.342491149902344,41.684600830078125,121.79872131347656,103.93447875976562,74.07656860351562,38.79408264160156,34.75910568237305,145.5238037109375,89.744873046875
2024-08-02,217.7840118408203,519.28662109375,207.6699981689453,43.16246795654297,82.49960327148438,41.25056838989258,40.65988540649414,119.11991119384766,101.01342010498047,74.72709655761719,38.821903228759766,34.815399169921875,145.23497009277344,86.44243621826172
2024-08-05,207.29400634765625,504.1631774902344,198.8800048828125,42.19893264770508,80.13385009765625,40.34062576293945,39.480499267578125,117.05255889892578,97.64828491210938,73.25630950927734,37.69972229003906,33.895992279052734,141.35523986816406,83.99872589111328
2024-08-06,205.27325439453125,508.8113098144531,200.63999938964844,42.414649963378906,81.07820129394531,40.58795166015625,40.1185302734375,118.45990753173828,98.9755859375,73.76543426513672,38.53440475463867,34.18213653564453,142.0098876953125,84.92615509033203
2024-08-07,207.8388214111328,505.410400390625,191.75999450683594,41.83940887451172,80.64983367919922,40.75126647949219,40.166866302490234,117.88726043701172,97.37196350097656,73.84085845947266,38.25617599487305,34.374454498291016,140.5657958984375,83.44424438476562
2024-08-08,211.29583740234375,517.0941772460938,198.83999633789062,42.48655319213867,82.2562026977539,41.628543853759766,40.8145637512207,120.60491943359375,101.00849914550781,74.51023864746094,38.58077621459961,34.4119873046875,143.6754150390625,85.26473236083984
2024-08-09,214.1981964111328,519.3744506835938,200.0,42.45299530029297,82.95716094970703,41.72187042236328,40.98857116699219,120.62430572509766,101.46244812011719,74.62339782714844,38.77552795410156,34.529258728027344,144.38780212402344,85.54934692382812
2024-08-12,215.7254180908203,519.6472778320312,197.49000549316406,42.266048431396484,82.38276672363281,41.927188873291016,40.77589416503906,120.01284790039062,102.29138946533203,74.24626159667969,38.543678283691406,34.590240478515625,143.83905029296875,85.21075439453125
2024-08-13,219.43438720703125,528.1931762695312,207.8300018310547,42.687889099121094,83.45368957519531,41.521217346191406,41.11423873901367,121.27459716796875,105.43447875976562,74.58567810058594,38.81262969970703,34.79194641113281,145.58154296875,87.34532928466797
2024-08-14,219.8806610107422,529.8595581054688,201.3800048828125,42.687889099121094,82.97665405273438,41.76386642456055,41.6169319152832,121.76961517333984,106.01178741455078,74.92509460449219,38.95174789428711,34.768489837646484,146.10140991210938,86.87916564941406
2024-08-15,222.85577392578125,538.9414672851562,214.13999938964844,43.36379623413086,83.72628021240234,42.26316452026367,42.00361633300781,123.40989685058594,109.0611572265625,75.69818878173828,38.840457916259766,34.763797760009766,147.01602172851562,89.65161895751953
2024-08-16,224.17471313476562,540.1497192382812,216.1199951171875,43.416534423828125,83.97940826416016,42.21649932861328,42.312965393066406,123.23519897460938,109.24371337890625,75.90560913085938,38.821903228759766,34.91859817504883,147.1700439453125,89.8626480102539
2024-08-19,224.01605224609375,545.3143920898438,222.72000122070312,43.62265396118164,84.93348693847656,42.50115203857422,42.54497528076172,123.9825439453125,111.0447006225586,76.1601791381836,39.05376052856445,35.1484489440918,148.0653533935547,90.96672058105469
2024-08-20,224.6309051513672,544.4276123046875,221.10000610351562,43.464473724365234,84.87509155273438,41.3812255859375,42.409629821777344,123.64283752441406,110.65489959716797,76.53730010986328,39.09085464477539,35.073387145996094,148.66224670410156,90.88330078125
2024-08-21,224.52182006835938,546.2985229492188,223.27000427246094,43.9630126953125,85.23530578613281,41.45122146606445,42.34196853637695,124.39019012451172,111.30621337890625,77.05583953857422,39.22069549560547,35.3220100402832,148.91253662109375,92.03154754638672
2024-08-22,222.66734313964844,542.0109252929688,210.66000366210938,43.87193298339844,84.59274291992188,41.55854415893555,42.58364486694336,124.2348861694336,108.74534606933594,76.94271087646484,39.461822509765625,35.27980041503906,149.0088348388672,90.44166564941406
2024-08-23,224.9581756591797,547.7699584960938,220.32000732421875,44.45197677612305,85.18663024902344,42.17918014526367,42.95099639892578,125.47722625732422,110.50687408447266,77.15955352783203,40.22230911254883,35.37828826904297,149.65382385253906,92.18856811523438
2024-08-26,225.2953338623047,546.4641723632812,213.2100067138672,44.64850997924805,85.38133239746094,42.5571403503418,43.086334228515625,125.34136199951172,109.12035369873047,77.70637512207031,40.194488525390625,35.60814666748047,149.57684326171875,91.47216796875
2024-08-27,226.13829040527344,547.214599609375,209.2100067138672,44.6533088684082,85.18663024902344,42.16050720214844,43.308677673339844,125.41902160644531,109.78153991699219,77.89494323730469,40.296504974365234,35.32670593261719,149.80787658691406,91.23169708251953
2024-08-28,224.61111450195312,544.0377807617188,205.75,44.4615592956543,84.62195587158203,41.88985824584961,43.415008544921875,125.36077117919922,108.26673126220703,77.56494903564453,40.15739059448242,35.32670593261719,149.98117065429688,90.34841918945312
2024-08-29,227.88369750976562,544.0865478515625,206.27999877929688,44.70603942871094,84.44672393798828,42.43582534790039,43.801700592041016,126.2440185546875,107.28975677490234,77.17841339111328,39.999732971191406,35.51901626586914,150.29884338378906,90.45638275146484
2024-08-30,227.10028076171875,549.2803344726562,214.11000061035156,45.19499969482422,85.01138305664062,42.5944709777832,44.21739196777344,127.59313201904297,108.71575927734375,77.79122924804688,40.38924789428711,35.786399841308594,151.33856201171875,91.8205337524414
2024-09-03,220.92193603515625,537.976806640625,210.60000610351562,44.16913986206055,83.45368957519531,41.535213470458984,43.88870620727539,124.76871490478516,103.72232818603516,78.33806610107422,40.48199462890625,35.73480224609375,151.0497589111328,90.5594482421875
2024-09-04,219.01788330078125,536.87548828125,219.41000366210938,43.98698425292969,83.05453491210938,40.96125030517578,43.93703842163086,124.89488220214844,103.45586395263672,78.70577239990234,40.57473373413086,36.039710998535156,150.78982543945312,90.79496765136719
2024-09-05,220.53517150878906,535.5697631835938,230.1699981689453,43.64183807373047,83.29792022705078,40.643943786621094,43.45368194580078,123.43901824951172,103.2979736328125,78.40406036376953,40.463443756103516,35.950584411621094,148.719970703125,91.82545471191406
2024-09-06,218.98812866210938,526.5562133789062,210.72999572753906,43.09056091308594,81.55525207519531,40.13530731201172,42.8156623840332,122.18695831298828,100.6186752319336,78.24378967285156,40.463443756103516,35.60814666748047,148.2097625732422,89.50443267822266
2024-09-09,219.077392578125,532.4515991210938,216.27000427246094,43.50761795043945,81.90571594238281,40.42462158203125,43.45368194580078,124.06018829345703,102.26671600341797,78.84718322753906,40.945709228515625,35.96934127807617,149.24948120117188,90.8096923828125
2024-09-10,218.28402709960938,534.770751953125,226.1699981689453,43.526790618896484,81.8862533569336,39.729331970214844,43.00899887084961,124.27371215820312,103.79631805419922,78.82832336425781,41.66908645629883,36.13821029663086,149.9330291748047,91.8499984741211
2024-09-11,220.8128662109375,540.2568969726562,228.1300048828125,43.63224792480469,82.22698974609375,39.36069869995117,42.80598831176758,124.4969711303711,107.33910369873047,78.09292602539062,41.55779266357422,36.250789642333984,149.49017333984375,92.76761627197266
2024-09-12,220.92193603515625,544.8076782226562,229.80999755859375,44.03491973876953,83.76522827148438,39.71533203125,42.90266036987305,125.45783233642578,108.22726440429688,78.57376098632812,41.631988525390625,36.330535888671875,150.02928161621094,93.81280517578125
2024-09-13,220.65419006347656,547.653076171875,230.2899932861328,44.432804107666016,84.57328796386719,39.93931579589844,43.02832794189453,126.72929382324219,108.77002716064453,79.1300048828125,41.928768157958984,36.84183883666992,150.33737182617188,94.45072174072266
2024-09-16,214.52548217773438,548.4618530273438,226.77999877929688,44.84505844116211,85.45922088623047,40.39662170410156,43.589027404785156,127.37959289550781,108.35554504394531,79.44115447998047,42.06787872314453,37.123291015625,151.3771209716797,94.2887954711914
2024-09-17,214.99156188964844,548.6859741210938,227.8699951171875,44.931339263916016,85.45922088623047,40.94258499145508,43.82103729248047,128.07843017578125,108.14338684082031,78.68689727783203,41.734012603759766,37.095149993896484,149.81748962402344,94.76969146728516
2024-09-18,218.85919189453125,547.0587158203125,227.1999969482422,44.739593505859375,85.39108276367188,41.02191925048828,43.68569564819336,127.97164916992188,107.15653228759766,78.38519287109375,41.61344528198242,36.81369400024414,149.5671844482422,94.58320617675781
2024-09-19,226.9713134765625,556.3938598632812,243.9199981689453,45.41550064086914,86.54962158203125,41.511878967285156,44.16905212402344,130.17489624023438,110.33910369873047,77.9232177734375,41.51142883300781,36.5979118347168,150.1063232421875,96.73739624023438
2024-09-20,226.306884765625,555.43212890625,238.25,45.094322204589844,86.54962158203125,41.418556213378906,44.140052795410156,129.26251220703125,109.80127716064453,78.30036163330078,41.43723678588867,37.564231872558594,149.49017333984375,96.51659393310547
2024-09-23,224.59124755859375,556.8200073242188,250.0,45.48820114135742,86.74393463134766,41.92997741699219,44.08668899536133,130.130126953125,109.781005859375,78.75434875488281,41.89578628540039,37.93684387207031,149.19735717773438,97.6893310546875
2024-09-24,225.48377990722656,558.4132080078125,254.27000427246094,46.10934829711914,87.1540756225586,41.82646942138672,43.71800994873047,131.06491088867188,110.53236389160156,78.56478881835938,41.89578628540039,37.66765213012695,148.8978271484375,98.54491424560547
2024-09-25,224.4920654296875,557.1817626953125,257.0199890136719,45.801177978515625,86.88064575195312,41.0078239440918,43.45604705810547,130.45147705078125,110.84871673583984,78.36575317382812,41.718345642089844,37.866004943847656,147.44837951660156,98.19087219238281
2024-09-26,225.63253784179688,559.3908081054688,254.22000122070312,46.749759674072266,87.3689193725586,40.20328140258789,43.679195404052734,131.1038818359375,112.31681823730469,78.54583740234375,41.30742263793945,37.606258392333984,147.94119262695312,98.60884094238281
2024-09-27,225.90028381347656,558.579345703125,260.4599914550781,46.66790008544922,87.89622497558594,41.021934509277344,43.805320739746094,131.2888641357422,111.26887512207031,78.6880111694336,41.36345672607422,37.97935104370117,147.86387634277344,98.75634002685547
2024-09-30,231.0670928955078,560.8177490234375,261.6300048828125,46.40788650512695,88.2770767211914,41.308929443359375,43.97026443481445,131.88287353515625,111.59512329101562,78.66905212402344,41.718345642089844,38.14936065673828,148.83018493652344,98.5252456665039
2024-10-01,224.33343505859375,555.793701171875,258.0199890136719,46.29232406616211,88.34542083740234,42.249908447265625,43.73740768432617,131.9510040283203,108.87643432617188,78.40367126464844,41.466190338134766,38.45633316040039,148.0474853515625,98.12696075439453
2024-10-02,224.898681640625,556.0284423828125,249.02000427246094,46.114166259765625,88.07200622558594,42.68275833129883,43.78592300415039,131.7075653076172,109.68215942382812,77.74018096923828,41.3167610168457,38.47522735595703,147.74794006347656,97.29596710205078
2024-10-03,223.7978973388672,555.01171875,240.66000366210938,45.603763580322266,87.76927185058594,43.435543060302734,43.55307388305664,131.03570556640625,110.13690948486328,76.96296691894531,40.9151725769043,38.461055755615234,146.4144287109375,96.169921875
2024-10-04,224.91851806640625,560.0553588867188,250.0800018310547,45.82525634765625,88.74578857421875,43.84016418457031,44.290435791015625,131.9510040283203,111.36280059814453,77.21888732910156,40.64433670043945,38.399658203125,146.53038024902344,97.44347381591797
2024-10-07,219.8509063720703,554.9921875,240.8300018310547,45.69043731689453,87.55445098876953,43.99542999267578,43.74711227416992,131.62969970703125,110.59661865234375,76.45115661621094,40.34547805786133,37.51652908325195,145.88294982910156,95.9289779663086
2024-10-08,223.8970489501953,560.2411499023438,244.5,45.47856903076172,88.32589721679688,42.84743118286133,43.999366760253906,131.9217987060547,112.66283416748047,76.83027648925781,40.46689224243164,37.53541946411133,146.6753387451172,96.86324310302734
2024-10-09,227.63575744628906,564.1216430664062,241.0500030517578,45.76748275756836,88.35519409179688,43.106204986572266,44.406856536865234,133.1000213623047,113.9233169555664,77.29470825195312,40.485565185546875,37.21427917480469,148.17311096191406,97.55656433105469
2024-10-10,227.13992309570312,563.1343994140625,238.77000427246094,45.8734130859375,87.700927734375,43.39790344238281,44.27103042602539,132.4184112548828,113.89366149902344,76.95350646972656,40.149356842041016,37.10093688964844,147.62229919433594,97.0746841430664
2024-10-11,225.6623077392578,566.5064086914062,217.8000030517578,46.17194366455078,88.30636596679688,43.66607666015625,45.124820709228516,134.7845916748047,114.09138488769531,77.38001251220703,40.560279846191406,37.42679977416992,148.70457458496094,96.66165924072266
2024-10-14,229.38119506835938,571.1396484375,219.16000366210938,46.4367790222168,88.71651458740234,43.64726257324219,45.406185150146484,135.5927734375,115.5792465209961,77.69281005859375,40.8404541015625,37.8990592956543,149.5259246826172,97.08452606201172
2024-10-15,231.9100341796875,566.7020263671875,219.57000732421875,46.38862228393555,88.91181945800781,42.240501403808594,45.50320816040039,134.55088806152344,113.03851318359375,78.18565368652344,41.35411071777344,38.06908416748047,147.69961547851562,97.29596710205078
2024-10-16,229.85720825195312,569.1652221679688,221.3300018310547,46.749759674072266,88.85322570800781,42.44281005859375,46.06593322753906,135.5927734375,113.38945007324219,78.12879180908203,41.76504135131836,38.824703216552734,148.1151123046875,97.8073501586914
2024-10-17,230.22413635253906,569.2139282226562,220.88999938964844,46.82197952270508,88.43330383300781,42.64512252807617,46.19206237792969,135.20330810546875,113.73548126220703,77.77809143066406,41.49420928955078,38.479949951171875,147.25511169433594,97.71883392333984
2024-10-18,233.05047607421875,571.403564453125,220.6999969482422,47.009769439697266,89.08758544921875,42.50396728515625,46.201759338378906,135.61227416992188,114.14081573486328,77.94869995117188,41.78372573852539,38.701908111572266,147.97018432617188,98.10237884521484
2024-10-21,234.5181884765625,570.4651489257812,218.85000610351562,46.648643493652344,88.73604583740234,42.3769416809082,45.83308029174805,135.13511657714844,114.67467498779297,77.29470825195312,40.92451095581055,38.550785064697266,146.23081970214844,97.34021759033203
2024-10-22,233.90335083007812,570.1622314453125,217.97000122070312,46.220096588134766,88.86298370361328,42.475738525390625,45.74576187133789,133.49925231933594,114.5560302734375,77.73070526123047,40.98988342285156,38.41383361816406,146.0182342529297,96.94684600830078
2024-10-23,228.8456573486328,564.9524536132812,213.64999389648438,46.09490966796875,88.18917846679688,42.25461196899414,45.70695495605469,133.10975646972656,112.91492462158203,77.57906341552734,41.3914794921875,38.782196044921875,145.3321533203125,95.42251586914062
2024-10-24,228.6572265625,566.1741333007812,260.4800109863281,45.53153991699219,88.49189758300781,42.249908447265625,45.74576187133789,132.19444274902344,113.24612426757812,77.47480010986328,41.48486328125,38.53188705444336,144.3755340576172,98.43181610107422
2024-10-25,229.49026489257812,565.9786987304688,269.19000244140625,45.24263000488281,88.71651458740234,42.23578643798828,45.241241455078125,131.8439178466797,113.83434295654297,76.83027648925781,41.15799331665039,37.96045684814453,143.58316040039062,98.7416000366211
2024-10-28,231.46372985839844,567.7283935546875,262.510009765625,45.61820983886719,89.28288269042969,41.96760940551758,45.80397415161133,132.2333984375,113.79973602294922,76.97245025634766,41.28874588012695,38.25798416137695,143.7957305908203,98.97270965576172
2024-10-29,231.73150634765625,568.647216796875,259.5199890136719,45.32448959350586,90.12268829345703,41.3277473449707,45.52260971069336,132.05812072753906,115.33209991455078,76.21419525146484,40.9151725769043,37.44096755981445,143.39952087402344,98.4563980102539
2024-10-30,228.191162109375,566.9268798828125,257.54998779296875,45.5700569152832,90.6695327758789,41.42184829711914,45.72636032104492,131.8341827392578,113.49820709228516,76.09097290039062,41.06460189819336,37.35123825073242,143.12896728515625,98.31873321533203
2024-10-31,224.035888671875,555.8132934570312,249.85000610351562,44.96817398071289,89.8785629272461,41.68061447143555,45.0957145690918,130.3151397705078,109.85515594482422,75.93933868408203,40.34547805786133,37.73849868774414,141.92112731933594,96.81407928466797
2024-11-01,221.060791015625,558.1592407226562,248.97999572753906,44.842979431152344,90.23009490966797,41.417144775390625,45.250946044921875,130.4904022216797,110.68065643310547,75.9677734375,39.91587829589844,36.89786911010742,142.76181030273438,98.38756561279297
2024-11-04,220.1682586669922,556.9568481445312,242.83999633789062,45.040401458740234,89.92737579345703,42.14169692993164,44.90167236328125,130.3443603515625,110.59661865234375,76.1762924194336,40.36415481567383,36.45866012573242,141.82449340820312,98.04827880859375
2024-11-05,221.5963134765625,563.6915893554688,251.44000244140625,45.10780715942383,90.9234390258789,42.42399215698242,45.31886672973633,132.52554321289062,112.15369415283203,76.65966796875,40.9151725769043,37.00648498535156,142.86807250976562,99.7840347290039
2024-11-06,220.87234497070312,577.7080078125,288.5299987792969,45.72895812988281,93.15963745117188,44.018951416015625,48.07427978515625,137.71551513671875,115.34693145751953,75.40855407714844,39.82248306274414,36.62395095825195,143.0516815185547,102.97528076171875
2024-11-07,225.59288024902344,582.1748657226562,296.9100036621094,45.90711212158203,94.38030242919922,43.81663513183594,47.29811096191406,136.88787841796875,117.35875701904297,75.68341064453125,40.31746292114258,36.690067291259766,144.0856475830078,104.2979965209961
2024-11-08,225.3248291015625,584.69677734375,321.2200012207031,45.48820114135742,93.92134094238281,44.108341217041016,47.72500228881836,138.35818481445312,117.23023986816406,76.6028060913086,41.00856399536133,37.393741607666016,145.11956787109375,105.77806854248047
2024-11-11,222.61448669433594,585.2538452148438,350.0,45.29078674316406,94.44864654541016,44.35770034790039,48.40415573120117,139.42933654785156,116.58271026611328,76.3374252319336,40.65367126464844,37.497642517089844,144.26925659179688,107.91212463378906
2024-11-12,222.61448669433594,583.4359741210938,328.489990234375,44.5203742980957,94.87833404541016,44.1224479675293,48.25862503051758,138.2316131591797,116.73098754882812,76.4227066040039,40.1400146484375,37.06787872314453,142.25930786132812,106.47137451171875
2024-11-13,223.49807739257812,583.7192993164062,330.239990234375,44.62630081176758,94.91737365722656,44.46591567993164,48.28772735595703,138.5237274169922,116.3256607055664,76.65019226074219,40.45754623413086,37.001766204833984,141.88246154785156,107.38106536865234
2024-11-14,226.57574462890625,579.9658813476562,311.17999267578125,44.26035690307617,94.80997467041016,44.63528823852539,48.16160202026367,136.18679809570312,115.93022155761719,76.46061706542969,40.09332275390625,36.87425231933594,139.65032958984375,105.85674285888672
2024-11-15,223.3789520263672,572.537353515625,320.7200012207031,43.95219039916992,92.91552734375,44.569419860839844,48.38474655151367,135.4564666748047,113.05333709716797,75.78768157958984,40.1400146484375,37.42679977416992,137.06057739257812,104.95198059082031
2024-11-18,226.377197265625,574.8831787109375,338.739990234375,44.294063568115234,93.83343505859375,45.162235260009766,48.53029251098633,135.27145385742188,113.41912841796875,76.31845092773438,40.494903564453125,37.752662658691406,137.1572265625,105.92066192626953
2024-11-19,226.63526916503906,576.9846801757812,346.0,44.14960479736328,94.44864654541016,44.8752326965332,48.21010971069336,135.1546173095703,114.34842681884766,76.4227066040039,40.66301345825195,37.99351119995117,136.45184326171875,105.99935150146484
2024-11-20,227.35012817382812,577.18017578125,342.0299987792969,44.51073455810547,95.05409240722656,45.326904296875,48.0645751953125,135.3006591796875,114.24956512451172,76.03410339355469,40.5976448059082,38.01240921020508,138.06558227539062,105.53221130371094
2024-11-21,226.87359619140625,580.2786865234375,339.6400146484375,45.054847717285156,94.80997467041016,45.69389343261719,48.67581558227539,136.99496459960938,115.41117858886719,76.85871124267578,40.868473052978516,38.6735725402832,139.1768035888672,105.71906280517578
2024-11-22,228.21383666992188,582.0772094726562,352.55999755859375,45.305233001708984,94.60489654541016,45.76445770263672,49.21913528442383,138.9034881591797,115.47051239013672,77.569580078125,41.17667007446289,38.46577835083008,139.30242919921875,107.2433853149414
2024-11-25,231.1922149658203,584.0516967773438,338.5899963378906,45.77229690551758,95.09315490722656,44.861122131347656,49.539306640625,139.7700958251953,115.46556854248047,77.99610137939453,41.72768783569336,38.536624908447266,140.49098205566406,108.33990478515625
2024-11-26,233.366455078125,587.1012573242188,338.2300109863281,45.430423736572266,95.44469451904297,44.79995346069336,49.63632583618164,139.9356689453125,116.04389953613281,78.31835174560547,41.93314743041992,39.15056610107422,141.24472045898438,108.73329162597656
2024-11-27,233.23739624023438,585.3223266601562,332.8900146484375,45.40634536743164,95.57164764404297,44.752906799316406,49.73335266113281,139.41954040527344,114.47200775146484,78.47948455810547,42.22266387939453,39.15056610107422,141.99842834472656,108.19731140136719
2024-11-29,235.62010192871094,588.9583740234375,345.1600036621094,45.63747024536133,96.08919525146484,44.94580841064453,49.810970306396484,140.20831298828125,115.53475952148438,78.87757110595703,42.026546478271484,39.16473388671875,142.4429473876953,109.30860137939453
2024-12-02,237.86380004882812,590.0140991210938,357.0899963378906,45.608585357666016,96.88018798828125,44.470619201660156,49.316158294677734,139.17611694335938,116.63212585449219,78.78279876708984,41.3914794921875,38.32410430908203,142.19168090820312,110.26253509521484
2024-12-03,240.90174865722656,590.2876586914062,351.4200134277344,45.46413040161133,97.6613998413086,44.46591567993164,48.947479248046875,138.29977416992188,117.05229187011719,78.37523651123047,41.14865493774414,37.99351119995117,141.872802734375,110.17893981933594
2024-12-04,241.25917053222656,593.9530639648438,357.92999267578125,45.02113723754883,97.88599395751953,43.39319610595703,48.76313018798828,138.9034881591797,119.19264221191406,78.1572265625,41.03658676147461,37.98879623413086,141.7954864501953,111.20170593261719
2024-12-05,241.28895568847656,592.9756469726562,369.489990234375,44.42888259887695,97.6613998413086,43.56257629394531,48.90867233276367,137.21893310546875,118.589599609375,78.47000885009766,40.93385314941406,38.10685729980469,140.21075439453125,112.11138153076172
2024-12-06,241.0903778076172,594.0997314453125,389.2200012207031,44.25554275512695,98.5597915649414,42.82390594482422,48.89896774291992,136.86839294433594,119.04930114746094,78.08140563964844,40.87781524658203,37.63460159301758,139.4183807373047,114.47161865234375
2024-12-09,244.97222900390625,591.0404052734375,389.7900085449219,44.245906829833984,96.46028900146484,42.75333023071289,48.22951889038086,135.68045043945312,118.27323913574219,77.95818328857422,40.96186447143555,37.16233444213867,139.82423400878906,114.10774993896484
2024-12-10,245.98487854003906,589.20263671875,400.989990234375,43.79328918457031,97.973876953125,42.46162796020508,48.21981430053711,135.349365234375,116.63212585449219,78.32783508300781,40.29878616333008,36.89315414428711,139.24444580078125,114.29459381103516
2024-12-11,244.71412658691406,593.7576904296875,424.7699890136719,43.63920974731445,99.57536315917969,42.532203674316406,48.31683349609375,135.0377655029297,118.32266235351562,77.73070526123047,40.196048736572266,36.66173553466797,137.3505096435547,116.3008041381836
2024-12-12,246.17352294921875,590.6982421875,418.1000061035156,43.33585739135742,99.76091003417969,42.188743591308594,48.103397369384766,134.171142578125,117.66029357910156,77.95818328857422,40.16802978515625,36.64284133911133,136.258544921875,115.33704376220703
2024-12-13,246.34228515625,590.5809326171875,436.2300109863281,42.9650993347168,98.56954956054688,41.97702407836914,48.0645751953125,133.8206024169922,118.16448974609375,77.75914764404297,39.99992370605469,36.66646194458008,136.2392578125,115.79434204101562
2024-12-16,249.23130798339844,593.1028442382812,463.0199890136719,42.5847053527832,98.95040130615234,41.054866790771484,47.97726058959961,133.93740844726562,119.34587860107422,77.3515853881836,39.794464111328125,36.3736572265625,134.61585998535156,117.36290740966797
2024-12-17,251.6537322998047,590.6591186523438,479.8599853515625,42.348758697509766,98.20824432373047,40.74905014038086,47.63767623901367,132.71051025390625,118.62419128417969,77.21888732910156,39.61701202392578,36.222530364990234,134.51922607421875,117.73168182373047
2024-12-18,246.2628631591797,573.055419921875,440.1300048828125,41.144981384277344,95.40564727783203,39.54460144042969,46.211463928222656,128.96165466308594,114.79825592041016,76.04358673095703,38.06669998168945,35.367733001708984,132.69293212890625,112.42607879638672
2024-12-19,247.99032592773438,572.8795166015625,436.1700134277344,40.701995849609375,95.14198303222656,39.20113754272461,46.376399993896484,128.79611206054688,114.92181396484375,75.50333404541016,37.412967681884766,35.52830505371094,131.6879425048828,112.27363586425781
2024-12-20,252.6564483642578,579.7603759765625,421.05999755859375,41.207584381103516,95.65953063964844,39.58694076538086,47.06525802612305,130.30540466308594,116.63706970214844,75.76873016357422,38.094730377197266,36.09502410888672,133.34999084472656,112.558837890625
2024-12-23,253.43084716796875,583.2321166992188,430.6000061035156,41.17563247680664,96.18233489990234,39.819419860839844,47.17828369140625,130.27603149414062,117.87289428710938,75.3695297241211,38.26841354370117,36.21786880493164,134.6817626953125,112.90023803710938
2024-12-24,256.3397521972656,589.7147216796875,462.2799987792969,41.398284912109375,97.0928726196289,40.15626525878906,47.73366165161133,131.29383850097656,119.09088134765625,75.86613464355469,38.523284912109375,36.417869567871094,135.2350616455078,115.51128387451172
2024-12-26,257.1538391113281,589.7539672851562,454.1300048828125,41.335365295410156,96.9655990600586,40.12305450439453,47.850589752197266,131.3916778564453,119.17009735107422,76.1048812866211,38.579925537109375,36.332157135009766,135.50685119628906,115.08268737792969
2024-12-27,253.74853515625,583.5459594726562,431.6600036621094,41.11271667480469,96.1040267944336,40.118309020996094,47.499813079833984,130.41305541992188,117.58572387695312,75.732421875,38.26841354370117,36.22739791870117,134.8759002685547,113.1810531616211
2024-12-30,250.38294982910156,576.88671875,417.4100036621094,40.56093215942383,95.09559631347656,40.11356735229492,47.041873931884766,129.10166931152344,116.09046173095703,74.84426879882812,38.08905792236328,36.07502365112305,133.21604919433594,111.36318969726562
